STRUCTURE,STRUCTURE_ID,STRUCTURE_NAME,ACTION,REF_AREA,Reference area,MEASURE,Measure,UNIT_MEASURE,Unit of measure,SEX,Sex,AGE,Age,LABOUR_FORCE_STATUS,Labour force status,WORK_PERIOD,Work period,HOURS_TYPE,Hours type,WORKER_STATUS,Worker status,WORK_TIME_ARNGMNT,Working time arrangement,AGGREGATION_OPERATION,Aggregation operation,HOUR_BANDS,Hour bands,JOB_COVERAGE,Job coverage,TIME_PERIOD,Time period,OBS_VALUE,Observation value,OBS_STATUS,Observation status,UNIT_MULT,Unit multiplier,DECIMALS,Decimals
DATAFLOW,OECD.ELS.SAE:DSD_HW@DF_AVG_USL_WK_WKD(1.0),Average usual weekly hours worked on the main job,I,USA,United States,HW,Hours worked,H_WK_PS,Hours per week per person,F,Female,Y15T64,From 15 to 64 years,EMP,Employment,W,Weekly,USUAL,Usual,ICSE93_1,Employees,_T,Total,MEAN,Mean,_Z,Not applicable,MAIN,Main job,2009,,36.147,,A,Normal value,0,Units,1,One
DATAFLOW,OECD.ELS.SAE:DSD_HW@DF_AVG_USL_WK_WKD(1.0),Average usual weekly hours worked on the main job,I,USA,United States,HW,Hours worked,H_WK_PS,Hours per week per person,F,Female,Y15T64,From 15 to 64 years,EMP,Employment,W,Weekly,USUAL,Usual,ICSE93_1,Employees,_T,Total,MEAN,Mean,_Z,Not applicable,MAIN,Main job,2022,,37.168,,A,Normal value,0,Units,1,One
DATAFLOW,OECD.ELS.SAE:DSD_HW@DF_AVG_USL_WK_WKD(1.0),Average usual weekly hours worked on the main job,I,USA,United States,HW,Hours worked,H_WK_PS,Hours per week per person,_T,Total,Y15T64,From 15 to 64 years,EMP,Employment,W,Weekly,USUAL,Usual,ICSE93_1,Employees,_T,Total,MEAN,Mean,_Z,Not applicable,MAIN,Main job,2009,,38.304,,A,Normal value,0,Units,1,One
DATAFLOW,OECD.ELS.SAE:DSD_HW@DF_AVG_USL_WK_WKD(1.0),Average usual weekly hours worked on the main job,I,USA,United States,HW,Hours worked,H_WK_PS,Hours per week per person,_T,Total,Y15T64,From 15 to 64 years,EMP,Employment,W,Weekly,USUAL,Usual,ICSE93_1,Employees,_T,Total,MEAN,Mean,_Z,Not applicable,MAIN,Main job,2022,,38.89,,A,Normal value,0,Units,1,One
DATAFLOW,OECD.ELS.SAE:DSD_HW@DF_AVG_USL_WK_WKD(1.0),Average usual weekly hours worked on the main job,I,USA,United States,HW,Hours worked,H_WK_PS,Hours per week per person,M,Male,Y15T64,From 15 to 64 years,EMP,Employment,W,Weekly,USUAL,Usual,ICSE93_1,Employees,_T,Total,MEAN,Mean,_Z,Not applicable,MAIN,Main job,2009,,40.371,,A,Normal value,0,Units,1,One
DATAFLOW,OECD.ELS.SAE:DSD_HW@DF_AVG_USL_WK_WKD(1.0),Average usual weekly hours worked on the main job,I,USA,United States,HW,Hours worked,H_WK_PS,Hours per week per person,M,Male,Y15T64,From 15 to 64 years,EMP,Employment,W,Weekly,USUAL,Usual,ICSE93_1,Employees,_T,Total,MEAN,Mean,_Z,Not applicable,MAIN,Main job,2022,,40.483,,A,Normal value,0,Units,1,One
DATAFLOW,OECD.ELS.SAE:DSD_HW@DF_AVG_USL_WK_WKD(1.0),Average usual weekly hours worked on the main job,I,DEU,Germany,HW,Hours worked,H_WK_PS,Hours per week per person,_T,Total,Y15T64,From 15 to 64 years,EMP,Employment,W,Weekly,USUAL,Usual,ICSE93_1,Employees,_T,Total,MEAN,Mean,_Z,Not applicable,MAIN,Main job,1983,,38.4554886685926,,A,Normal value,0,Units,1,One
DATAFLOW,OECD.ELS.SAE:DSD_HW@DF_AVG_USL_WK_WKD(1.0),Average usual weekly hours worked on the main job,I,DEU,Germany,HW,Hours worked,H_WK_PS,Hours per week per person,_T,Total,Y15T64,From 15 to 64 years,EMP,Employment,W,Weekly,USUAL,Usual,ICSE93_1,Employees,_T,Total,MEAN,Mean,_Z,Not applicable,MAIN,Main job,1984,,38.6078583678904,,A,Normal value,0,Units,1,One
DATAFLOW,OECD.ELS.SAE:DSD_HW@DF_AVG_USL_WK_WKD(1.0),Average usual weekly hours worked on the main job,I,DEU,Germany,HW,Hours worked,H_WK_PS,Hours per week per person,_T,Total,Y15T64,From 15 to 64 years,EMP,Employment,W,Weekly,USUAL,Usual,ICSE93_1,Employees,_T,Total,MEAN,Mean,_Z,Not applicable,MAIN,Main job,1986,,38.3345045831243,,A,Normal value,0,Units,1,One
DATAFLOW,OECD.ELS.SAE:DSD_HW@DF_AVG_USL_WK_WKD(1.0),Average usual weekly hours worked on the main job,I,DEU,Germany,HW,Hours worked,H_WK_PS,Hours per week per person,_T,Total,Y15T64,From 15 to 64 years,EMP,Employment,W,Weekly,USUAL,Usual,ICSE93_1,Employees,_T,Total,MEAN,Mean,_Z,Not applicable,MAIN,Main job,1987,,38.3048295758815,,A,Normal value,0,Units,1,One
DATAFLOW,OECD.ELS.SAE:DSD_HW@DF_AVG_USL_WK_WKD(1.0),Average usual weekly hours worked on the main job,I,DEU,Germany,HW,Hours worked,H_WK_PS,Hours per week per person,_T,Total,Y15T64,From 15 to 64 years,EMP,Employment,W,Weekly,USUAL,Usual,ICSE93_1,Employees,_T,Total,MEAN,Mean,_Z,Not applicable,MAIN,Main job,1988,,38.0147623145113,,A,Normal value,0,Units,1,One
DATAFLOW,OECD.ELS.SAE:DSD_HW@DF_AVG_USL_WK_WKD(1.0),Average usual weekly hours worked on the main job,I,DEU,Germany,HW,Hours worked,H_WK_PS,Hours per week per person,_T,Total,Y15T64,From 15 to 64 years,EMP,Employment,W,Weekly,USUAL,Usual,ICSE93_1,Employees,_T,Total,MEAN,Mean,_Z,Not applicable,MAIN,Main job,1990,,36.8344857461899,,A,Normal value,0,Units,1,One
DATAFLOW,OECD.ELS.SAE:DSD_HW@DF_AVG_USL_WK_WKD(1.0),Average usual weekly hours worked on the main job,I,DEU,Germany,HW,Hours worked,H_WK_PS,Hours per week per person,_T,Total,Y15T64,From 15 to 64 years,EMP,Employment,W,Weekly,USUAL,Usual,ICSE93_1,Employees,_T,Total,MEAN,Mean,_Z,Not applicable,MAIN,Main job,1991,,37.3150386223126,,A,Normal value,0,Units,1,One
DATAFLOW,OECD.ELS.SAE:DSD_HW@DF_AVG_USL_WK_WKD(1.0),Average usual weekly hours worked on the main job,I,DEU,Germany,HW,Hours worked,H_WK_PS,Hours per week per person,_T,Total,Y15T64,From 15 to 64 years,EMP,Employment,W,Weekly,USUAL,Usual,ICSE93_1,Employees,_T,Total,MEAN,Mean,_Z,Not applicable,MAIN,Main job,1992,,37.0877896185227,,A,Normal value,0,Units,1,One
DATAFLOW,OECD.ELS.SAE:DSD_HW@DF_AVG_USL_WK_WKD(1.0),Average usual weekly hours worked on the main job,I,DEU,Germany,HW,Hours worked,H_WK_PS,Hours per week per person,_T,Total,Y15T64,From 15 to 64 years,EMP,Employment,W,Weekly,USUAL,Usual,ICSE93_1,Employees,_T,Total,MEAN,Mean,_Z,Not applicable,MAIN,Main job,1993,,36.7677722520668,,A,Normal value,0,Units,1,One
DATAFLOW,OECD.ELS.SAE:DSD_HW@DF_AVG_USL_WK_WKD(1.0),Average usual weekly hours worked on the main job,I,DEU,Germany,HW,Hours worked,H_WK_PS,Hours per week per person,_T,Total,Y15T64,From 15 to 64 years,EMP,Employment,W,Weekly,USUAL,Usual,ICSE93_1,Employees,_T,Total,MEAN,Mean,_Z,Not applicable,MAIN,Main job,1994,,36.6213833130747,,A,Normal value,0,Units,1,One
DATAFLOW,OECD.ELS.SAE:DSD_HW@DF_AVG_USL_WK_WKD(1.0),Average usual weekly hours worked on the main job,I,DEU,Germany,HW,Hours worked,H_WK_PS,Hours per week per person,_T,Total,Y15T64,From 15 to 64 years,EMP,Employment,W,Weekly,USUAL,Usual,ICSE93_1,Employees,_T,Total,MEAN,Mean,_Z,Not applicable,MAIN,Main job,1997,,36.3183717560904,,A,Normal value,0,Units,1,One
DATAFLOW,OECD.ELS.SAE:DSD_HW@DF_AVG_USL_WK_WKD(1.0),Average usual weekly hours worked on the main job,I,DEU,Germany,HW,Hours worked,H_WK_PS,Hours per week per person,_T,Total,Y15T64,From 15 to 64 years,EMP,Employment,W,Weekly,USUAL,Usual,ICSE93_1,Employees,_T,Total,MEAN,Mean,_Z,Not applicable,MAIN,Main job,1998,,36.0796727251967,,A,Normal value,0,Units,1,One
DATAFLOW,OECD.ELS.SAE:DSD_HW@DF_AVG_USL_WK_WKD(1.0),Average usual weekly hours worked on the main job,I,DEU,Germany,HW,Hours worked,H_WK_PS,Hours per week per person,_T,Total,Y15T64,From 15 to 64 years,EMP,Employment,W,Weekly,USUAL,Usual,ICSE93_1,Employees,_T,Total,MEAN,Mean,_Z,Not applicable,MAIN,Main job,1999,,35.8887938695413,,A,Normal value,0,Units,1,One
DATAFLOW,OECD.ELS.SAE:DSD_HW@DF_AVG_USL_WK_WKD(1.0),Average usual weekly hours worked on the main job,I,DEU,Germany,HW,Hours worked,H_WK_PS,Hours per week per person,_T,Total,Y15T64,From 15 to 64 years,EMP,Employment,W,Weekly,USUAL,Usual,ICSE93_1,Employees,_T,Total,MEAN,Mean,_Z,Not applicable,MAIN,Main job,2000,,35.7926255823688,,A,Normal value,0,Units,1,One
DATAFLOW,OECD.ELS.SAE:DSD_HW@DF_AVG_USL_WK_WKD(1.0),Average usual weekly hours worked on the main job,I,DEU,Germany,HW,Hours worked,H_WK_PS,Hours per week per person,_T,Total,Y15T64,From 15 to 64 years,EMP,Employment,W,Weekly,USUAL,Usual,ICSE93_1,Employees,_T,Total,MEAN,Mean,_Z,Not applicable,MAIN,Main job,2001,,35.4528657366653,,A,Normal value,0,Units,1,One
DATAFLOW,OECD.ELS.SAE:DSD_HW@DF_AVG_USL_WK_WKD(1.0),Average usual weekly hours worked on the main job,I,DEU,Germany,HW,Hours worked,H_WK_PS,Hours per week per person,_T,Total,Y15T64,From 15 to 64 years,EMP,Employment,W,Weekly,USUAL,Usual,ICSE93_1,Employees,_T,Total,MEAN,Mean,_Z,Not applicable,MAIN,Main job,2002,,35.2959447195513,,A,Normal value,0,Units,1,One
DATAFLOW,OECD.ELS.SAE:DSD_HW@DF_AVG_USL_WK_WKD(1.0),Average usual weekly hours worked on the main job,I,DEU,Germany,HW,Hours worked,H_WK_PS,Hours per week per person,_T,Total,Y15T64,From 15 to 64 years,EMP,Employment,W,Weekly,USUAL,Usual,ICSE93_1,Employees,_T,Total,MEAN,Mean,_Z,Not applicable,MAIN,Main job,2005,,34.6759324609171,,A,Normal value,0,Units,1,One
DATAFLOW,OECD.ELS.SAE:DSD_HW@DF_AVG_USL_WK_WKD(1.0),Average usual weekly hours worked on the main job,I,DEU,Germany,HW,Hours worked,H_WK_PS,Hours per week per person,_T,Total,Y15T64,From 15 to 64 years,EMP,Employment,W,Weekly,USUAL,Usual,ICSE93_1,Employees,_T,Total,MEAN,Mean,_Z,Not applicable,MAIN,Main job,2006,,34.6291096548173,,A,Normal value,0,Units,1,One
DATAFLOW,OECD.ELS.SAE:DSD_HW@DF_AVG_USL_WK_WKD(1.0),Average usual weekly hours worked on the main job,I,DEU,Germany,HW,Hours worked,H_WK_PS,Hours per week per person,_T,Total,Y15T64,From 15 to 64 years,EMP,Employment,W,Weekly,USUAL,Usual,ICSE93_1,Employees,_T,Total,MEAN,Mean,_Z,Not applicable,MAIN,Main job,2007,,34.6055921428199,,A,Normal value,0,Units,1,One
DATAFLOW,OECD.ELS.SAE:DSD_HW@DF_AVG_USL_WK_WKD(1.0),Average usual weekly hours worked on the main job,I,USA,United States,HW,Hours worked,H_WK_PS,Hours per week per person,_T,Total,Y15T64,From 15 to 64 years,EMP,Employment,W,Weekly,USUAL,Usual,ICSE93_1,Employees,_T,Total,MEAN,Mean,_Z,Not applicable,MAIN,Main job,1979,,38.038895246269,,A,Normal value,0,Units,1,One
DATAFLOW,OECD.ELS.SAE:DSD_HW@DF_AVG_USL_WK_WKD(1.0),Average usual weekly hours worked on the main job,I,USA,United States,HW,Hours worked,H_WK_PS,Hours per week per person,_T,Total,Y15T64,From 15 to 64 years,EMP,Employment,W,Weekly,USUAL,Usual,ICSE93_1,Employees,_T,Total,MEAN,Mean,_Z,Not applicable,MAIN,Main job,1982,,37.4060657319499,,A,Normal value,0,Units,1,One
DATAFLOW,OECD.ELS.SAE:DSD_HW@DF_AVG_USL_WK_WKD(1.0),Average usual weekly hours worked on the main job,I,USA,United States,HW,Hours worked,H_WK_PS,Hours per week per person,_T,Total,Y15T64,From 15 to 64 years,EMP,Employment,W,Weekly,USUAL,Usual,ICSE93_1,Employees,_T,Total,MEAN,Mean,_Z,Not applicable,MAIN,Main job,1984,,37.7488060156488,,A,Normal value,0,Units,1,One
DATAFLOW,OECD.ELS.SAE:DSD_HW@DF_AVG_USL_WK_WKD(1.0),Average usual weekly hours worked on the main job,I,USA,United States,HW,Hours worked,H_WK_PS,Hours per week per person,_T,Total,Y15T64,From 15 to 64 years,EMP,Employment,W,Weekly,USUAL,Usual,ICSE93_1,Employees,_T,Total,MEAN,Mean,_Z,Not applicable,MAIN,Main job,1985,,37.8604443661118,,A,Normal value,0,Units,1,One
DATAFLOW,OECD.ELS.SAE:DSD_HW@DF_AVG_USL_WK_WKD(1.0),Average usual weekly hours worked on the main job,I,USA,United States,HW,Hours worked,H_WK_PS,Hours per week per person,_T,Total,Y15T64,From 15 to 64 years,EMP,Employment,W,Weekly,USUAL,Usual,ICSE93_1,Employees,_T,Total,MEAN,Mean,_Z,Not applicable,MAIN,Main job,1986,,37.8649157134256,,A,Normal value,0,Units,1,One
DATAFLOW,OECD.ELS.SAE:DSD_HW@DF_AVG_USL_WK_WKD(1.0),Average usual weekly hours worked on the main job,I,USA,United States,HW,Hours worked,H_WK_PS,Hours per week per person,_T,Total,Y15T64,From 15 to 64 years,EMP,Employment,W,Weekly,USUAL,Usual,ICSE93_1,Employees,_T,Total,MEAN,Mean,_Z,Not applicable,MAIN,Main job,1987,,38.0008197324309,,A,Normal value,0,Units,1,One
DATAFLOW,OECD.ELS.SAE:DSD_HW@DF_AVG_USL_WK_WKD(1.0),Average usual weekly hours worked on the main job,I,USA,United States,HW,Hours worked,H_WK_PS,Hours per week per person,_T,Total,Y15T64,From 15 to 64 years,EMP,Employment,W,Weekly,USUAL,Usual,ICSE93_1,Employees,_T,Total,MEAN,Mean,_Z,Not applicable,MAIN,Main job,1990,,38.2061211867281,,A,Normal value,0,Units,1,One
DATAFLOW,OECD.ELS.SAE:DSD_HW@DF_AVG_USL_WK_WKD(1.0),Average usual weekly hours worked on the main job,I,USA,United States,HW,Hours worked,H_WK_PS,Hours per week per person,_T,Total,Y15T64,From 15 to 64 years,EMP,Employment,W,Weekly,USUAL,Usual,ICSE93_1,Employees,_T,Total,MEAN,Mean,_Z,Not applicable,MAIN,Main job,1993,,38.1033928078001,,A,Normal value,0,Units,1,One
DATAFLOW,OECD.ELS.SAE:DSD_HW@DF_AVG_USL_WK_WKD(1.0),Average usual weekly hours worked on the main job,I,USA,United States,HW,Hours worked,H_WK_PS,Hours per week per person,_T,Total,Y15T64,From 15 to 64 years,EMP,Employment,W,Weekly,USUAL,Usual,ICSE93_1,Employees,_T,Total,MEAN,Mean,_Z,Not applicable,MAIN,Main job,1996,,38.8484030539935,,A,Normal value,0,Units,1,One
DATAFLOW,OECD.ELS.SAE:DSD_HW@DF_AVG_USL_WK_WKD(1.0),Average usual weekly hours worked on the main job,I,USA,United States,HW,Hours worked,H_WK_PS,Hours per week per person,_T,Total,Y15T64,From 15 to 64 years,EMP,Employment,W,Weekly,USUAL,Usual,ICSE93_1,Employees,_T,Total,MEAN,Mean,_Z,Not applicable,MAIN,Main job,1998,,38.99122533248,,A,Normal value,0,Units,1,One
DATAFLOW,OECD.ELS.SAE:DSD_HW@DF_AVG_USL_WK_WKD(1.0),Average usual weekly hours worked on the main job,I,USA,United States,HW,Hours worked,H_WK_PS,Hours per week per person,_T,Total,Y15T64,From 15 to 64 years,EMP,Employment,W,Weekly,USUAL,Usual,ICSE93_1,Employees,_T,Total,MEAN,Mean,_Z,Not applicable,MAIN,Main job,1999,,38.9859472905047,,A,Normal value,0,Units,1,One
DATAFLOW,OECD.ELS.SAE:DSD_HW@DF_AVG_USL_WK_WKD(1.0),Average usual weekly hours worked on the main job,I,USA,United States,HW,Hours worked,H_WK_PS,Hours per week per person,_T,Total,Y15T64,From 15 to 64 years,EMP,Employment,W,Weekly,USUAL,Usual,ICSE93_1,Employees,_T,Total,MEAN,Mean,_Z,Not applicable,MAIN,Main job,2000,,39.1391570919841,,A,Normal value,0,Units,1,One
DATAFLOW,OECD.ELS.SAE:DSD_HW@DF_AVG_USL_WK_WKD(1.0),Average usual weekly hours worked on the main job,I,USA,United States,HW,Hours worked,H_WK_PS,Hours per week per person,_T,Total,Y15T64,From 15 to 64 years,EMP,Employment,W,Weekly,USUAL,Usual,ICSE93_1,Employees,_T,Total,MEAN,Mean,_Z,Not applicable,MAIN,Main job,2008,,38.8101655414334,,A,Normal value,0,Units,1,One
DATAFLOW,OECD.ELS.SAE:DSD_HW@DF_AVG_USL_WK_WKD(1.0),Average usual weekly hours worked on the main job,I,DEU,Germany,HW,Hours worked,H_WK_PS,Hours per week per person,M,Male,Y15T64,From 15 to 64 years,EMP,Employment,W,Weekly,USUAL,Usual,ICSE93_1,Employees,_T,Total,MEAN,Mean,_Z,Not applicable,MAIN,Main job,1987,,40.6645472639382,,A,Normal value,0,Units,1,One
DATAFLOW,OECD.ELS.SAE:DSD_HW@DF_AVG_USL_WK_WKD(1.0),Average usual weekly hours worked on the main job,I,DEU,Germany,HW,Hours worked,H_WK_PS,Hours per week per person,M,Male,Y15T64,From 15 to 64 years,EMP,Employment,W,Weekly,USUAL,Usual,ICSE93_1,Employees,_T,Total,MEAN,Mean,_Z,Not applicable,MAIN,Main job,1988,,40.3545261416574,,A,Normal value,0,Units,1,One
DATAFLOW,OECD.ELS.SAE:DSD_HW@DF_AVG_USL_WK_WKD(1.0),Average usual weekly hours worked on the main job,I,DEU,Germany,HW,Hours worked,H_WK_PS,Hours per week per person,M,Male,Y15T64,From 15 to 64 years,EMP,Employment,W,Weekly,USUAL,Usual,ICSE93_1,Employees,_T,Total,MEAN,Mean,_Z,Not applicable,MAIN,Main job,1990,,39.6242158224002,,A,Normal value,0,Units,1,One
DATAFLOW,OECD.ELS.SAE:DSD_HW@DF_AVG_USL_WK_WKD(1.0),Average usual weekly hours worked on the main job,I,DEU,Germany,HW,Hours worked,H_WK_PS,Hours per week per person,M,Male,Y15T64,From 15 to 64 years,EMP,Employment,W,Weekly,USUAL,Usual,ICSE93_1,Employees,_T,Total,MEAN,Mean,_Z,Not applicable,MAIN,Main job,1991,,39.8019789623737,,A,Normal value,0,Units,1,One
DATAFLOW,OECD.ELS.SAE:DSD_HW@DF_AVG_USL_WK_WKD(1.0),Average usual weekly hours worked on the main job,I,DEU,Germany,HW,Hours worked,H_WK_PS,Hours per week per person,M,Male,Y15T64,From 15 to 64 years,EMP,Employment,W,Weekly,USUAL,Usual,ICSE93_1,Employees,_T,Total,MEAN,Mean,_Z,Not applicable,MAIN,Main job,1994,,39.3673012066501,,A,Normal value,0,Units,1,One
DATAFLOW,OECD.ELS.SAE:DSD_HW@DF_AVG_USL_WK_WKD(1.0),Average usual weekly hours worked on the main job,I,DEU,Germany,HW,Hours worked,H_WK_PS,Hours per week per person,M,Male,Y15T64,From 15 to 64 years,EMP,Employment,W,Weekly,USUAL,Usual,ICSE93_1,Employees,_T,Total,MEAN,Mean,_Z,Not applicable,MAIN,Main job,1995,,39.2918668180479,,A,Normal value,0,Units,1,One
DATAFLOW,OECD.ELS.SAE:DSD_HW@DF_AVG_USL_WK_WKD(1.0),Average usual weekly hours worked on the main job,I,DEU,Germany,HW,Hours worked,H_WK_PS,Hours per week per person,M,Male,Y15T64,From 15 to 64 years,EMP,Employment,W,Weekly,USUAL,Usual,ICSE93_1,Employees,_T,Total,MEAN,Mean,_Z,Not applicable,MAIN,Main job,1996,,39.6078697844436,,A,Normal value,0,Units,1,One
DATAFLOW,OECD.ELS.SAE:DSD_HW@DF_AVG_USL_WK_WKD(1.0),Average usual weekly hours worked on the main job,I,DEU,Germany,HW,Hours worked,H_WK_PS,Hours per week per person,M,Male,Y15T64,From 15 to 64 years,EMP,Employment,W,Weekly,USUAL,Usual,ICSE93_1,Employees,_T,Total,MEAN,Mean,_Z,Not applicable,MAIN,Main job,1997,,39.5508014650959,,A,Normal value,0,Units,1,One
DATAFLOW,OECD.ELS.SAE:DSD_HW@DF_AVG_USL_WK_WKD(1.0),Average usual weekly hours worked on the main job,I,DEU,Germany,HW,Hours worked,H_WK_PS,Hours per week per person,M,Male,Y15T64,From 15 to 64 years,EMP,Employment,W,Weekly,USUAL,Usual,ICSE93_1,Employees,_T,Total,MEAN,Mean,_Z,Not applicable,MAIN,Main job,1999,,39.4361843287502,,A,Normal value,0,Units,1,One
DATAFLOW,OECD.ELS.SAE:DSD_HW@DF_AVG_USL_WK_WKD(1.0),Average usual weekly hours worked on the main job,I,DEU,Germany,HW,Hours worked,H_WK_PS,Hours per week per person,M,Male,Y15T64,From 15 to 64 years,EMP,Employment,W,Weekly,USUAL,Usual,ICSE93_1,Employees,_T,Total,MEAN,Mean,_Z,Not applicable,MAIN,Main job,2000,,39.4752689899114,,A,Normal value,0,Units,1,One
DATAFLOW,OECD.ELS.SAE:DSD_HW@DF_AVG_USL_WK_WKD(1.0),Average usual weekly hours worked on the main job,I,DEU,Germany,HW,Hours worked,H_WK_PS,Hours per week per person,M,Male,Y15T64,From 15 to 64 years,EMP,Employment,W,Weekly,USUAL,Usual,ICSE93_1,Employees,_T,Total,MEAN,Mean,_Z,Not applicable,MAIN,Main job,2001,,39.20867714517,,A,Normal value,0,Units,1,One
DATAFLOW,OECD.ELS.SAE:DSD_HW@DF_AVG_USL_WK_WKD(1.0),Average usual weekly hours worked on the main job,I,DEU,Germany,HW,Hours worked,H_WK_PS,Hours per week per person,M,Male,Y15T64,From 15 to 64 years,EMP,Employment,W,Weekly,USUAL,Usual,ICSE93_1,Employees,_T,Total,MEAN,Mean,_Z,Not applicable,MAIN,Main job,2003,,38.7032586324161,,A,Normal value,0,Units,1,One
DATAFLOW,OECD.ELS.SAE:DSD_HW@DF_AVG_USL_WK_WKD(1.0),Average usual weekly hours worked on the main job,I,DEU,Germany,HW,Hours worked,H_WK_PS,Hours per week per person,M,Male,Y15T64,From 15 to 64 years,EMP,Employment,W,Weekly,USUAL,Usual,ICSE93_1,Employees,_T,Total,MEAN,Mean,_Z,Not applicable,MAIN,Main job,2005,,38.8157104614223,,A,Normal value,0,Units,1,One
DATAFLOW,OECD.ELS.SAE:DSD_HW@DF_AVG_USL_WK_WKD(1.0),Average usual weekly hours worked on the main job,I,DEU,Germany,HW,Hours worked,H_WK_PS,Hours per week per person,M,Male,Y15T64,From 15 to 64 years,EMP,Employment,W,Weekly,USUAL,Usual,ICSE93_1,Employees,_T,Total,MEAN,Mean,_Z,Not applicable,MAIN,Main job,2006,,38.7873867258922,,A,Normal value,0,Units,1,One
DATAFLOW,OECD.ELS.SAE:DSD_HW@DF_AVG_USL_WK_WKD(1.0),Average usual weekly hours worked on the main job,I,DEU,Germany,HW,Hours worked,H_WK_PS,Hours per week per person,M,Male,Y15T64,From 15 to 64 years,EMP,Employment,W,Weekly,USUAL,Usual,ICSE93_1,Employees,_T,Total,MEAN,Mean,_Z,Not applicable,MAIN,Main job,2007,,38.7393132841429,,A,Normal value,0,Units,1,One
DATAFLOW,OECD.ELS.SAE:DSD_HW@DF_AVG_USL_WK_WKD(1.0),Average usual weekly hours worked on the main job,I,DEU,Germany,HW,Hours worked,H_WK_PS,Hours per week per person,M,Male,Y15T64,From 15 to 64 years,EMP,Employment,W,Weekly,USUAL,Usual,ICSE93_1,Employees,_T,Total,MEAN,Mean,_Z,Not applicable,MAIN,Main job,2008,,38.8153579079937,,A,Normal value,0,Units,1,One
DATAFLOW,OECD.ELS.SAE:DSD_HW@DF_AVG_USL_WK_WKD(1.0),Average usual weekly hours worked on the main job,I,USA,United States,HW,Hours worked,H_WK_PS,Hours per week per person,M,Male,Y15T64,From 15 to 64 years,EMP,Employment,W,Weekly,USUAL,Usual,ICSE93_1,Employees,_T,Total,MEAN,Mean,_Z,Not applicable,MAIN,Main job,1982,,39.814688168722,,A,Normal value,0,Units,1,One
DATAFLOW,OECD.ELS.SAE:DSD_HW@DF_AVG_USL_WK_WKD(1.0),Average usual weekly hours worked on the main job,I,USA,United States,HW,Hours worked,H_WK_PS,Hours per week per person,M,Male,Y15T64,From 15 to 64 years,EMP,Employment,W,Weekly,USUAL,Usual,ICSE93_1,Employees,_T,Total,MEAN,Mean,_Z,Not applicable,MAIN,Main job,1984,,40.1319101548547,,A,Normal value,0,Units,1,One
DATAFLOW,OECD.ELS.SAE:DSD_HW@DF_AVG_USL_WK_WKD(1.0),Average usual weekly hours worked on the main job,I,USA,United States,HW,Hours worked,H_WK_PS,Hours per week per person,M,Male,Y15T64,From 15 to 64 years,EMP,Employment,W,Weekly,USUAL,Usual,ICSE93_1,Employees,_T,Total,MEAN,Mean,_Z,Not applicable,MAIN,Main job,1985,,40.2445750825082,,A,Normal value,0,Units,1,One
DATAFLOW,OECD.ELS.SAE:DSD_HW@DF_AVG_USL_WK_WKD(1.0),Average usual weekly hours worked on the main job,I,USA,United States,HW,Hours worked,H_WK_PS,Hours per week per person,M,Male,Y15T64,From 15 to 64 years,EMP,Employment,W,Weekly,USUAL,Usual,ICSE93_1,Employees,_T,Total,MEAN,Mean,_Z,Not applicable,MAIN,Main job,1986,,40.2157391269101,,A,Normal value,0,Units,1,One
DATAFLOW,OECD.ELS.SAE:DSD_HW@DF_AVG_USL_WK_WKD(1.0),Average usual weekly hours worked on the main job,I,USA,United States,HW,Hours worked,H_WK_PS,Hours per week per person,M,Male,Y15T64,From 15 to 64 years,EMP,Employment,W,Weekly,USUAL,Usual,ICSE93_1,Employees,_T,Total,MEAN,Mean,_Z,Not applicable,MAIN,Main job,1988,,40.427913358816,,A,Normal value,0,Units,1,One
DATAFLOW,OECD.ELS.SAE:DSD_HW@DF_AVG_USL_WK_WKD(1.0),Average usual weekly hours worked on the main job,I,USA,United States,HW,Hours worked,H_WK_PS,Hours per week per person,M,Male,Y15T64,From 15 to 64 years,EMP,Employment,W,Weekly,USUAL,Usual,ICSE93_1,Employees,_T,Total,MEAN,Mean,_Z,Not applicable,MAIN,Main job,1990,,40.4763029114382,,A,Normal value,0,Units,1,One
DATAFLOW,OECD.ELS.SAE:DSD_HW@DF_AVG_USL_WK_WKD(1.0),Average usual weekly hours worked on the main job,I,USA,United States,HW,Hours worked,H_WK_PS,Hours per week per person,M,Male,Y15T64,From 15 to 64 years,EMP,Employment,W,Weekly,USUAL,Usual,ICSE93_1,Employees,_T,Total,MEAN,Mean,_Z,Not applicable,MAIN,Main job,1991,,40.2514421773975,,A,Normal value,0,Units,1,One
DATAFLOW,OECD.ELS.SAE:DSD_HW@DF_AVG_USL_WK_WKD(1.0),Average usual weekly hours worked on the main job,I,USA,United States,HW,Hours worked,H_WK_PS,Hours per week per person,M,Male,Y15T64,From 15 to 64 years,EMP,Employment,W,Weekly,USUAL,Usual,ICSE93_1,Employees,_T,Total,MEAN,Mean,_Z,Not applicable,MAIN,Main job,1993,,40.3150334288443,,A,Normal value,0,Units,1,One
DATAFLOW,OECD.ELS.SAE:DSD_HW@DF_AVG_USL_WK_WKD(1.0),Average usual weekly hours worked on the main job,I,USA,United States,HW,Hours worked,H_WK_PS,Hours per week per person,M,Male,Y15T64,From 15 to 64 years,EMP,Employment,W,Weekly,USUAL,Usual,ICSE93_1,Employees,_T,Total,MEAN,Mean,_Z,Not applicable,MAIN,Main job,1996,,41.3859498634549,,A,Normal value,0,Units,1,One
DATAFLOW,OECD.ELS.SAE:DSD_HW@DF_AVG_USL_WK_WKD(1.0),Average usual weekly hours worked on the main job,I,USA,United States,HW,Hours worked,H_WK_PS,Hours per week per person,M,Male,Y15T64,From 15 to 64 years,EMP,Employment,W,Weekly,USUAL,Usual,ICSE93_1,Employees,_T,Total,MEAN,Mean,_Z,Not applicable,MAIN,Main job,1998,,41.4043414052929,,A,Normal value,0,Units,1,One
DATAFLOW,OECD.ELS.SAE:DSD_HW@DF_AVG_USL_WK_WKD(1.0),Average usual weekly hours worked on the main job,I,USA,United States,HW,Hours worked,H_WK_PS,Hours per week per person,M,Male,Y15T64,From 15 to 64 years,EMP,Employment,W,Weekly,USUAL,Usual,ICSE93_1,Employees,_T,Total,MEAN,Mean,_Z,Not applicable,MAIN,Main job,1999,,41.3808166167788,,A,Normal value,0,Units,1,One
DATAFLOW,OECD.ELS.SAE:DSD_HW@DF_AVG_USL_WK_WKD(1.0),Average usual weekly hours worked on the main job,I,USA,United States,HW,Hours worked,H_WK_PS,Hours per week per person,M,Male,Y15T64,From 15 to 64 years,EMP,Employment,W,Weekly,USUAL,Usual,ICSE93_1,Employees,_T,Total,MEAN,Mean,_Z,Not applicable,MAIN,Main job,2002,,41.1016247626158,,A,Normal value,0,Units,1,One
DATAFLOW,OECD.ELS.SAE:DSD_HW@DF_AVG_USL_WK_WKD(1.0),Average usual weekly hours worked on the main job,I,USA,United States,HW,Hours worked,H_WK_PS,Hours per week per person,M,Male,Y15T64,From 15 to 64 years,EMP,Employment,W,Weekly,USUAL,Usual,ICSE93_1,Employees,_T,Total,MEAN,Mean,_Z,Not applicable,MAIN,Main job,2003,,40.9557853322278,,A,Normal value,0,Units,1,One
DATAFLOW,OECD.ELS.SAE:DSD_HW@DF_AVG_USL_WK_WKD(1.0),Average usual weekly hours worked on the main job,I,USA,United States,HW,Hours worked,H_WK_PS,Hours per week per person,M,Male,Y15T64,From 15 to 64 years,EMP,Employment,W,Weekly,USUAL,Usual,ICSE93_1,Employees,_T,Total,MEAN,Mean,_Z,Not applicable,MAIN,Main job,2008,,40.9248514023899,,A,Normal value,0,Units,1,One
DATAFLOW,OECD.ELS.SAE:DSD_HW@DF_AVG_USL_WK_WKD(1.0),Average usual weekly hours worked on the main job,I,DEU,Germany,HW,Hours worked,H_WK_PS,Hours per week per person,F,Female,Y15T64,From 15 to 64 years,EMP,Employment,W,Weekly,USUAL,Usual,ICSE93_1,Employees,_T,Total,MEAN,Mean,_Z,Not applicable,MAIN,Main job,1984,,34.851845060862,,A,Normal value,0,Units,1,One
DATAFLOW,OECD.ELS.SAE:DSD_HW@DF_AVG_USL_WK_WKD(1.0),Average usual weekly hours worked on the main job,I,DEU,Germany,HW,Hours worked,H_WK_PS,Hours per week per person,F,Female,Y15T64,From 15 to 64 years,EMP,Employment,W,Weekly,USUAL,Usual,ICSE93_1,Employees,_T,Total,MEAN,Mean,_Z,Not applicable,MAIN,Main job,1989,,34.0213076707279,,A,Normal value,0,Units,1,One
DATAFLOW,OECD.ELS.SAE:DSD_HW@DF_AVG_USL_WK_WKD(1.0),Average usual weekly hours worked on the main job,I,DEU,Germany,HW,Hours worked,H_WK_PS,Hours per week per person,F,Female,Y15T64,From 15 to 64 years,EMP,Employment,W,Weekly,USUAL,Usual,ICSE93_1,Employees,_T,Total,MEAN,Mean,_Z,Not applicable,MAIN,Main job,1990,,32.8126761195943,,A,Normal value,0,Units,1,One
DATAFLOW,OECD.ELS.SAE:DSD_HW@DF_AVG_USL_WK_WKD(1.0),Average usual weekly hours worked on the main job,I,DEU,Germany,HW,Hours worked,H_WK_PS,Hours per week per person,F,Female,Y15T64,From 15 to 64 years,EMP,Employment,W,Weekly,USUAL,Usual,ICSE93_1,Employees,_T,Total,MEAN,Mean,_Z,Not applicable,MAIN,Main job,1992,,33.6109048676438,,A,Normal value,0,Units,1,One
DATAFLOW,OECD.ELS.SAE:DSD_HW@DF_AVG_USL_WK_WKD(1.0),Average usual weekly hours worked on the main job,I,DEU,Germany,HW,Hours worked,H_WK_PS,Hours per week per person,F,Female,Y15T64,From 15 to 64 years,EMP,Employment,W,Weekly,USUAL,Usual,ICSE93_1,Employees,_T,Total,MEAN,Mean,_Z,Not applicable,MAIN,Main job,1993,,33.2357458038705,,A,Normal value,0,Units,1,One
DATAFLOW,OECD.ELS.SAE:DSD_HW@DF_AVG_USL_WK_WKD(1.0),Average usual weekly hours worked on the main job,I,DEU,Germany,HW,Hours worked,H_WK_PS,Hours per week per person,F,Female,Y15T64,From 15 to 64 years,EMP,Employment,W,Weekly,USUAL,Usual,ICSE93_1,Employees,_T,Total,MEAN,Mean,_Z,Not applicable,MAIN,Main job,1994,,32.9865271048979,,A,Normal value,0,Units,1,One
DATAFLOW,OECD.ELS.SAE:DSD_HW@DF_AVG_USL_WK_WKD(1.0),Average usual weekly hours worked on the main job,I,DEU,Germany,HW,Hours worked,H_WK_PS,Hours per week per person,F,Female,Y15T64,From 15 to 64 years,EMP,Employment,W,Weekly,USUAL,Usual,ICSE93_1,Employees,_T,Total,MEAN,Mean,_Z,Not applicable,MAIN,Main job,1997,,32.2375666316832,,A,Normal value,0,Units,1,One
DATAFLOW,OECD.ELS.SAE:DSD_HW@DF_AVG_USL_WK_WKD(1.0),Average usual weekly hours worked on the main job,I,DEU,Germany,HW,Hours worked,H_WK_PS,Hours per week per person,F,Female,Y15T64,From 15 to 64 years,EMP,Employment,W,Weekly,USUAL,Usual,ICSE93_1,Employees,_T,Total,MEAN,Mean,_Z,Not applicable,MAIN,Main job,2001,,30.9572281200536,,A,Normal value,0,Units,1,One
DATAFLOW,OECD.ELS.SAE:DSD_HW@DF_AVG_USL_WK_WKD(1.0),Average usual weekly hours worked on the main job,I,DEU,Germany,HW,Hours worked,H_WK_PS,Hours per week per person,F,Female,Y15T64,From 15 to 64 years,EMP,Employment,W,Weekly,USUAL,Usual,ICSE93_1,Employees,_T,Total,MEAN,Mean,_Z,Not applicable,MAIN,Main job,2002,,30.8500955164739,,A,Normal value,0,Units,1,One
DATAFLOW,OECD.ELS.SAE:DSD_HW@DF_AVG_USL_WK_WKD(1.0),Average usual weekly hours worked on the main job,I,DEU,Germany,HW,Hours worked,H_WK_PS,Hours per week per person,F,Female,Y15T64,From 15 to 64 years,EMP,Employment,W,Weekly,USUAL,Usual,ICSE93_1,Employees,_T,Total,MEAN,Mean,_Z,Not applicable,MAIN,Main job,2003,,30.5046751478971,,A,Normal value,0,Units,1,One
DATAFLOW,OECD.ELS.SAE:DSD_HW@DF_AVG_USL_WK_WKD(1.0),Average usual weekly hours worked on the main job,I,DEU,Germany,HW,Hours worked,H_WK_PS,Hours per week per person,F,Female,Y15T64,From 15 to 64 years,EMP,Employment,W,Weekly,USUAL,Usual,ICSE93_1,Employees,_T,Total,MEAN,Mean,_Z,Not applicable,MAIN,Main job,2004,,30.3624879022795,,A,Normal value,0,Units,1,One
DATAFLOW,OECD.ELS.SAE:DSD_HW@DF_AVG_USL_WK_WKD(1.0),Average usual weekly hours worked on the main job,I,DEU,Germany,HW,Hours worked,H_WK_PS,Hours per week per person,F,Female,Y15T64,From 15 to 64 years,EMP,Employment,W,Weekly,USUAL,Usual,ICSE93_1,Employees,_T,Total,MEAN,Mean,_Z,Not applicable,MAIN,Main job,2006,,29.8992911901882,,A,Normal value,0,Units,1,One
DATAFLOW,OECD.ELS.SAE:DSD_HW@DF_AVG_USL_WK_WKD(1.0),Average usual weekly hours worked on the main job,I,DEU,Germany,HW,Hours worked,H_WK_PS,Hours per week per person,F,Female,Y15T64,From 15 to 64 years,EMP,Employment,W,Weekly,USUAL,Usual,ICSE93_1,Employees,_T,Total,MEAN,Mean,_Z,Not applicable,MAIN,Main job,2007,,29.9102839210154,,A,Normal value,0,Units,1,One
DATAFLOW,OECD.ELS.SAE:DSD_HW@DF_AVG_USL_WK_WKD(1.0),Average usual weekly hours worked on the main job,I,DEU,Germany,HW,Hours worked,H_WK_PS,Hours per week per person,F,Female,Y15T64,From 15 to 64 years,EMP,Employment,W,Weekly,USUAL,Usual,ICSE93_1,Employees,_T,Total,MEAN,Mean,_Z,Not applicable,MAIN,Main job,2008,,30.0513671591505,,A,Normal value,0,Units,1,One
DATAFLOW,OECD.ELS.SAE:DSD_HW@DF_AVG_USL_WK_WKD(1.0),Average usual weekly hours worked on the main job,I,USA,United States,HW,Hours worked,H_WK_PS,Hours per week per person,F,Female,Y15T64,From 15 to 64 years,EMP,Employment,W,Weekly,USUAL,Usual,ICSE93_1,Employees,_T,Total,MEAN,Mean,_Z,Not applicable,MAIN,Main job,1979,,34.8948776138758,,A,Normal value,0,Units,1,One
DATAFLOW,OECD.ELS.SAE:DSD_HW@DF_AVG_USL_WK_WKD(1.0),Average usual weekly hours worked on the main job,I,USA,United States,HW,Hours worked,H_WK_PS,Hours per week per person,F,Female,Y15T64,From 15 to 64 years,EMP,Employment,W,Weekly,USUAL,Usual,ICSE93_1,Employees,_T,Total,MEAN,Mean,_Z,Not applicable,MAIN,Main job,1983,,34.6394640992333,,A,Normal value,0,Units,1,One
DATAFLOW,OECD.ELS.SAE:DSD_HW@DF_AVG_USL_WK_WKD(1.0),Average usual weekly hours worked on the main job,I,USA,United States,HW,Hours worked,H_WK_PS,Hours per week per person,F,Female,Y15T64,From 15 to 64 years,EMP,Employment,W,Weekly,USUAL,Usual,ICSE93_1,Employees,_T,Total,MEAN,Mean,_Z,Not applicable,MAIN,Main job,1986,,35.209003068187,,A,Normal value,0,Units,1,One
DATAFLOW,OECD.ELS.SAE:DSD_HW@DF_AVG_USL_WK_WKD(1.0),Average usual weekly hours worked on the main job,I,USA,United States,HW,Hours worked,H_WK_PS,Hours per week per person,F,Female,Y15T64,From 15 to 64 years,EMP,Employment,W,Weekly,USUAL,Usual,ICSE93_1,Employees,_T,Total,MEAN,Mean,_Z,Not applicable,MAIN,Main job,1988,,35.485080137254,,A,Normal value,0,Units,1,One
DATAFLOW,OECD.ELS.SAE:DSD_HW@DF_AVG_USL_WK_WKD(1.0),Average usual weekly hours worked on the main job,I,USA,United States,HW,Hours worked,H_WK_PS,Hours per week per person,F,Female,Y15T64,From 15 to 64 years,EMP,Employment,W,Weekly,USUAL,Usual,ICSE93_1,Employees,_T,Total,MEAN,Mean,_Z,Not applicable,MAIN,Main job,1998,,36.3517162891442,,A,Normal value,0,Units,1,One
DATAFLOW,OECD.ELS.SAE:DSD_HW@DF_AVG_USL_WK_WKD(1.0),Average usual weekly hours worked on the main job,I,USA,United States,HW,Hours worked,H_WK_PS,Hours per week per person,F,Female,Y15T64,From 15 to 64 years,EMP,Employment,W,Weekly,USUAL,Usual,ICSE93_1,Employees,_T,Total,MEAN,Mean,_Z,Not applicable,MAIN,Main job,2000,,36.6391445520921,,A,Normal value,0,Units,1,One
DATAFLOW,OECD.ELS.SAE:DSD_HW@DF_AVG_USL_WK_WKD(1.0),Average usual weekly hours worked on the main job,I,USA,United States,HW,Hours worked,H_WK_PS,Hours per week per person,F,Female,Y15T64,From 15 to 64 years,EMP,Employment,W,Weekly,USUAL,Usual,ICSE93_1,Employees,_T,Total,MEAN,Mean,_Z,Not applicable,MAIN,Main job,2004,,36.346487452709,,A,Normal value,0,Units,1,One
DATAFLOW,OECD.ELS.SAE:DSD_HW@DF_AVG_USL_WK_WKD(1.0),Average usual weekly hours worked on the main job,I,USA,United States,HW,Hours worked,H_WK_PS,Hours per week per person,F,Female,Y15T64,From 15 to 64 years,EMP,Employment,W,Weekly,USUAL,Usual,ICSE93_1,Employees,_T,Total,MEAN,Mean,_Z,Not applicable,MAIN,Main job,2006,,36.5995798531166,,A,Normal value,0,Units,1,One
DATAFLOW,OECD.ELS.SAE:DSD_HW@DF_AVG_USL_WK_WKD(1.0),Average usual weekly hours worked on the main job,I,USA,United States,HW,Hours worked,H_WK_PS,Hours per week per person,F,Female,Y15T64,From 15 to 64 years,EMP,Employment,W,Weekly,USUAL,Usual,ICSE93_1,Employees,_T,Total,MEAN,Mean,_Z,Not applicable,MAIN,Main job,2007,,36.5653085291919,,A,Normal value,0,Units,1,One
DATAFLOW,OECD.ELS.SAE:DSD_HW@DF_AVG_USL_WK_WKD(1.0),Average usual weekly hours worked on the main job,I,USA,United States,HW,Hours worked,H_WK_PS,Hours per week per person,F,Female,Y15T64,From 15 to 64 years,EMP,Employment,W,Weekly,USUAL,Usual,ICSE93_1,Employees,_T,Total,MEAN,Mean,_Z,Not applicable,MAIN,Main job,2008,,36.5429993859838,,A,Normal value,0,Units,1,One
DATAFLOW,OECD.ELS.SAE:DSD_HW@DF_AVG_USL_WK_WKD(1.0),Average usual weekly hours worked on the main job,I,DEU,Germany,HW,Hours worked,H_WK_PS,Hours per week per person,F,Female,Y15T64,From 15 to 64 years,EMP,Employment,W,Weekly,USUAL,Usual,ICSE93_1,Employees,_T,Total,MEAN,Mean,_Z,Not applicable,MAIN,Main job,1983,,34.3714687964509,,A,Normal value,0,Units,1,One
DATAFLOW,OECD.ELS.SAE:DSD_HW@DF_AVG_USL_WK_WKD(1.0),Average usual weekly hours worked on the main job,I,DEU,Germany,HW,Hours worked,H_WK_PS,Hours per week per person,F,Female,Y15T64,From 15 to 64 years,EMP,Employment,W,Weekly,USUAL,Usual,ICSE93_1,Employees,_T,Total,MEAN,Mean,_Z,Not applicable,MAIN,Main job,1985,,34.8900644228001,,A,Normal value,0,Units,1,One
DATAFLOW,OECD.ELS.SAE:DSD_HW@DF_AVG_USL_WK_WKD(1.0),Average usual weekly hours worked on the main job,I,DEU,Germany,HW,Hours worked,H_WK_PS,Hours per week per person,F,Female,Y15T64,From 15 to 64 years,EMP,Employment,W,Weekly,USUAL,Usual,ICSE93_1,Employees,_T,Total,MEAN,Mean,_Z,Not applicable,MAIN,Main job,1986,,34.6653885130798,,A,Normal value,0,Units,1,One
DATAFLOW,OECD.ELS.SAE:DSD_HW@DF_AVG_USL_WK_WKD(1.0),Average usual weekly hours worked on the main job,I,DEU,Germany,HW,Hours worked,H_WK_PS,Hours per week per person,F,Female,Y15T64,From 15 to 64 years,EMP,Employment,W,Weekly,USUAL,Usual,ICSE93_1,Employees,_T,Total,MEAN,Mean,_Z,Not applicable,MAIN,Main job,1987,,34.6654171081446,,A,Normal value,0,Units,1,One
DATAFLOW,OECD.ELS.SAE:DSD_HW@DF_AVG_USL_WK_WKD(1.0),Average usual weekly hours worked on the main job,I,DEU,Germany,HW,Hours worked,H_WK_PS,Hours per week per person,F,Female,Y15T64,From 15 to 64 years,EMP,Employment,W,Weekly,USUAL,Usual,ICSE93_1,Employees,_T,Total,MEAN,Mean,_Z,Not applicable,MAIN,Main job,1988,,34.4005229318833,,A,Normal value,0,Units,1,One
DATAFLOW,OECD.ELS.SAE:DSD_HW@DF_AVG_USL_WK_WKD(1.0),Average usual weekly hours worked on the main job,I,DEU,Germany,HW,Hours worked,H_WK_PS,Hours per week per person,F,Female,Y15T64,From 15 to 64 years,EMP,Employment,W,Weekly,USUAL,Usual,ICSE93_1,Employees,_T,Total,MEAN,Mean,_Z,Not applicable,MAIN,Main job,1991,,33.9856578539723,,A,Normal value,0,Units,1,One
DATAFLOW,OECD.ELS.SAE:DSD_HW@DF_AVG_USL_WK_WKD(1.0),Average usual weekly hours worked on the main job,I,DEU,Germany,HW,Hours worked,H_WK_PS,Hours per week per person,F,Female,Y15T64,From 15 to 64 years,EMP,Employment,W,Weekly,USUAL,Usual,ICSE93_1,Employees,_T,Total,MEAN,Mean,_Z,Not applicable,MAIN,Main job,1995,,32.6054258840742,,A,Normal value,0,Units,1,One
DATAFLOW,OECD.ELS.SAE:DSD_HW@DF_AVG_USL_WK_WKD(1.0),Average usual weekly hours worked on the main job,I,DEU,Germany,HW,Hours worked,H_WK_PS,Hours per week per person,F,Female,Y15T64,From 15 to 64 years,EMP,Employment,W,Weekly,USUAL,Usual,ICSE93_1,Employees,_T,Total,MEAN,Mean,_Z,Not applicable,MAIN,Main job,1996,,32.5573688901107,,A,Normal value,0,Units,1,One
DATAFLOW,OECD.ELS.SAE:DSD_HW@DF_AVG_USL_WK_WKD(1.0),Average usual weekly hours worked on the main job,I,DEU,Germany,HW,Hours worked,H_WK_PS,Hours per week per person,F,Female,Y15T64,From 15 to 64 years,EMP,Employment,W,Weekly,USUAL,Usual,ICSE93_1,Employees,_T,Total,MEAN,Mean,_Z,Not applicable,MAIN,Main job,1998,,31.8779845101224,,A,Normal value,0,Units,1,One
DATAFLOW,OECD.ELS.SAE:DSD_HW@DF_AVG_USL_WK_WKD(1.0),Average usual weekly hours worked on the main job,I,DEU,Germany,HW,Hours worked,H_WK_PS,Hours per week per person,F,Female,Y15T64,From 15 to 64 years,EMP,Employment,W,Weekly,USUAL,Usual,ICSE93_1,Employees,_T,Total,MEAN,Mean,_Z,Not applicable,MAIN,Main job,1999,,31.5559877946616,,A,Normal value,0,Units,1,One
DATAFLOW,OECD.ELS.SAE:DSD_HW@DF_AVG_USL_WK_WKD(1.0),Average usual weekly hours worked on the main job,I,DEU,Germany,HW,Hours worked,H_WK_PS,Hours per week per person,F,Female,Y15T64,From 15 to 64 years,EMP,Employment,W,Weekly,USUAL,Usual,ICSE93_1,Employees,_T,Total,MEAN,Mean,_Z,Not applicable,MAIN,Main job,2000,,31.3459826540486,,A,Normal value,0,Units,1,One
DATAFLOW,OECD.ELS.SAE:DSD_HW@DF_AVG_USL_WK_WKD(1.0),Average usual weekly hours worked on the main job,I,DEU,Germany,HW,Hours worked,H_WK_PS,Hours per week per person,F,Female,Y15T64,From 15 to 64 years,EMP,Employment,W,Weekly,USUAL,Usual,ICSE93_1,Employees,_T,Total,MEAN,Mean,_Z,Not applicable,MAIN,Main job,2005,,29.9328653428259,,A,Normal value,0,Units,1,One
DATAFLOW,OECD.ELS.SAE:DSD_HW@DF_AVG_USL_WK_WKD(1.0),Average usual weekly hours worked on the main job,I,DEU,Germany,HW,Hours worked,H_WK_PS,Hours per week per person,F,Female,Y15T64,From 15 to 64 years,EMP,Employment,W,Weekly,USUAL,Usual,ICSE93_1,Employees,_T,Total,MEAN,Mean,_Z,Not applicable,MAIN,Main job,2020,,30.664591374225,,A,Normal value,0,Units,1,One
DATAFLOW,OECD.ELS.SAE:DSD_HW@DF_AVG_USL_WK_WKD(1.0),Average usual weekly hours worked on the main job,I,USA,United States,HW,Hours worked,H_WK_PS,Hours per week per person,F,Female,Y15T64,From 15 to 64 years,EMP,Employment,W,Weekly,USUAL,Usual,ICSE93_1,Employees,_T,Total,MEAN,Mean,_Z,Not applicable,MAIN,Main job,1980,,34.8231404084223,,A,Normal value,0,Units,1,One
DATAFLOW,OECD.ELS.SAE:DSD_HW@DF_AVG_USL_WK_WKD(1.0),Average usual weekly hours worked on the main job,I,USA,United States,HW,Hours worked,H_WK_PS,Hours per week per person,F,Female,Y15T64,From 15 to 64 years,EMP,Employment,W,Weekly,USUAL,Usual,ICSE93_1,Employees,_T,Total,MEAN,Mean,_Z,Not applicable,MAIN,Main job,1981,,34.8433538150423,,A,Normal value,0,Units,1,One
DATAFLOW,OECD.ELS.SAE:DSD_HW@DF_AVG_USL_WK_WKD(1.0),Average usual weekly hours worked on the main job,I,USA,United States,HW,Hours worked,H_WK_PS,Hours per week per person,F,Female,Y15T64,From 15 to 64 years,EMP,Employment,W,Weekly,USUAL,Usual,ICSE93_1,Employees,_T,Total,MEAN,Mean,_Z,Not applicable,MAIN,Main job,1982,,34.5788751359469,,A,Normal value,0,Units,1,One
DATAFLOW,OECD.ELS.SAE:DSD_HW@DF_AVG_USL_WK_WKD(1.0),Average usual weekly hours worked on the main job,I,USA,United States,HW,Hours worked,H_WK_PS,Hours per week per person,F,Female,Y15T64,From 15 to 64 years,EMP,Employment,W,Weekly,USUAL,Usual,ICSE93_1,Employees,_T,Total,MEAN,Mean,_Z,Not applicable,MAIN,Main job,1984,,34.9808668488871,,A,Normal value,0,Units,1,One
DATAFLOW,OECD.ELS.SAE:DSD_HW@DF_AVG_USL_WK_WKD(1.0),Average usual weekly hours worked on the main job,I,USA,United States,HW,Hours worked,H_WK_PS,Hours per week per person,F,Female,Y15T64,From 15 to 64 years,EMP,Employment,W,Weekly,USUAL,Usual,ICSE93_1,Employees,_T,Total,MEAN,Mean,_Z,Not applicable,MAIN,Main job,1985,,35.1280584383347,,A,Normal value,0,Units,1,One
DATAFLOW,OECD.ELS.SAE:DSD_HW@DF_AVG_USL_WK_WKD(1.0),Average usual weekly hours worked on the main job,I,USA,United States,HW,Hours worked,H_WK_PS,Hours per week per person,F,Female,Y15T64,From 15 to 64 years,EMP,Employment,W,Weekly,USUAL,Usual,ICSE93_1,Employees,_T,Total,MEAN,Mean,_Z,Not applicable,MAIN,Main job,1987,,35.3529006598973,,A,Normal value,0,Units,1,One
DATAFLOW,OECD.ELS.SAE:DSD_HW@DF_AVG_USL_WK_WKD(1.0),Average usual weekly hours worked on the main job,I,USA,United States,HW,Hours worked,H_WK_PS,Hours per week per person,F,Female,Y15T64,From 15 to 64 years,EMP,Employment,W,Weekly,USUAL,Usual,ICSE93_1,Employees,_T,Total,MEAN,Mean,_Z,Not applicable,MAIN,Main job,1989,,35.5599711442574,,A,Normal value,0,Units,1,One
DATAFLOW,OECD.ELS.SAE:DSD_HW@DF_AVG_USL_WK_WKD(1.0),Average usual weekly hours worked on the main job,I,USA,United States,HW,Hours worked,H_WK_PS,Hours per week per person,F,Female,Y15T64,From 15 to 64 years,EMP,Employment,W,Weekly,USUAL,Usual,ICSE93_1,Employees,_T,Total,MEAN,Mean,_Z,Not applicable,MAIN,Main job,1990,,35.7079937139863,,A,Normal value,0,Units,1,One
DATAFLOW,OECD.ELS.SAE:DSD_HW@DF_AVG_USL_WK_WKD(1.0),Average usual weekly hours worked on the main job,I,USA,United States,HW,Hours worked,H_WK_PS,Hours per week per person,F,Female,Y15T64,From 15 to 64 years,EMP,Employment,W,Weekly,USUAL,Usual,ICSE93_1,Employees,_T,Total,MEAN,Mean,_Z,Not applicable,MAIN,Main job,1991,,35.5518177799296,,A,Normal value,0,Units,1,One
DATAFLOW,OECD.ELS.SAE:DSD_HW@DF_AVG_USL_WK_WKD(1.0),Average usual weekly hours worked on the main job,I,USA,United States,HW,Hours worked,H_WK_PS,Hours per week per person,F,Female,Y15T64,From 15 to 64 years,EMP,Employment,W,Weekly,USUAL,Usual,ICSE93_1,Employees,_T,Total,MEAN,Mean,_Z,Not applicable,MAIN,Main job,1992,,35.6720333188288,,A,Normal value,0,Units,1,One
DATAFLOW,OECD.ELS.SAE:DSD_HW@DF_AVG_USL_WK_WKD(1.0),Average usual weekly hours worked on the main job,I,USA,United States,HW,Hours worked,H_WK_PS,Hours per week per person,F,Female,Y15T64,From 15 to 64 years,EMP,Employment,W,Weekly,USUAL,Usual,ICSE93_1,Employees,_T,Total,MEAN,Mean,_Z,Not applicable,MAIN,Main job,1993,,35.7396798824057,,A,Normal value,0,Units,1,One
DATAFLOW,OECD.ELS.SAE:DSD_HW@DF_AVG_USL_WK_WKD(1.0),Average usual weekly hours worked on the main job,I,USA,United States,HW,Hours worked,H_WK_PS,Hours per week per person,F,Female,Y15T64,From 15 to 64 years,EMP,Employment,W,Weekly,USUAL,Usual,ICSE93_1,Employees,_T,Total,MEAN,Mean,_Z,Not applicable,MAIN,Main job,1994,,35.9611396897555,,A,Normal value,0,Units,1,One
DATAFLOW,OECD.ELS.SAE:DSD_HW@DF_AVG_USL_WK_WKD(1.0),Average usual weekly hours worked on the main job,I,USA,United States,HW,Hours worked,H_WK_PS,Hours per week per person,F,Female,Y15T64,From 15 to 64 years,EMP,Employment,W,Weekly,USUAL,Usual,ICSE93_1,Employees,_T,Total,MEAN,Mean,_Z,Not applicable,MAIN,Main job,1995,,36.0131409001956,,A,Normal value,0,Units,1,One
DATAFLOW,OECD.ELS.SAE:DSD_HW@DF_AVG_USL_WK_WKD(1.0),Average usual weekly hours worked on the main job,I,USA,United States,HW,Hours worked,H_WK_PS,Hours per week per person,F,Female,Y15T64,From 15 to 64 years,EMP,Employment,W,Weekly,USUAL,Usual,ICSE93_1,Employees,_T,Total,MEAN,Mean,_Z,Not applicable,MAIN,Main job,1996,,36.0736701058555,,A,Normal value,0,Units,1,One
DATAFLOW,OECD.ELS.SAE:DSD_HW@DF_AVG_USL_WK_WKD(1.0),Average usual weekly hours worked on the main job,I,USA,United States,HW,Hours worked,H_WK_PS,Hours per week per person,F,Female,Y15T64,From 15 to 64 years,EMP,Employment,W,Weekly,USUAL,Usual,ICSE93_1,Employees,_T,Total,MEAN,Mean,_Z,Not applicable,MAIN,Main job,1997,,36.2381232933078,,A,Normal value,0,Units,1,One
DATAFLOW,OECD.ELS.SAE:DSD_HW@DF_AVG_USL_WK_WKD(1.0),Average usual weekly hours worked on the main job,I,USA,United States,HW,Hours worked,H_WK_PS,Hours per week per person,F,Female,Y15T64,From 15 to 64 years,EMP,Employment,W,Weekly,USUAL,Usual,ICSE93_1,Employees,_T,Total,MEAN,Mean,_Z,Not applicable,MAIN,Main job,1999,,36.3867306829399,,A,Normal value,0,Units,1,One
DATAFLOW,OECD.ELS.SAE:DSD_HW@DF_AVG_USL_WK_WKD(1.0),Average usual weekly hours worked on the main job,I,USA,United States,HW,Hours worked,H_WK_PS,Hours per week per person,F,Female,Y15T64,From 15 to 64 years,EMP,Employment,W,Weekly,USUAL,Usual,ICSE93_1,Employees,_T,Total,MEAN,Mean,_Z,Not applicable,MAIN,Main job,2001,,36.5277867301898,,A,Normal value,0,Units,1,One
DATAFLOW,OECD.ELS.SAE:DSD_HW@DF_AVG_USL_WK_WKD(1.0),Average usual weekly hours worked on the main job,I,USA,United States,HW,Hours worked,H_WK_PS,Hours per week per person,F,Female,Y15T64,From 15 to 64 years,EMP,Employment,W,Weekly,USUAL,Usual,ICSE93_1,Employees,_T,Total,MEAN,Mean,_Z,Not applicable,MAIN,Main job,2002,,36.3764468536743,,A,Normal value,0,Units,1,One
DATAFLOW,OECD.ELS.SAE:DSD_HW@DF_AVG_USL_WK_WKD(1.0),Average usual weekly hours worked on the main job,I,USA,United States,HW,Hours worked,H_WK_PS,Hours per week per person,F,Female,Y15T64,From 15 to 64 years,EMP,Employment,W,Weekly,USUAL,Usual,ICSE93_1,Employees,_T,Total,MEAN,Mean,_Z,Not applicable,MAIN,Main job,2003,,36.267386951298,,A,Normal value,0,Units,1,One
DATAFLOW,OECD.ELS.SAE:DSD_HW@DF_AVG_USL_WK_WKD(1.0),Average usual weekly hours worked on the main job,I,USA,United States,HW,Hours worked,H_WK_PS,Hours per week per person,F,Female,Y15T64,From 15 to 64 years,EMP,Employment,W,Weekly,USUAL,Usual,ICSE93_1,Employees,_T,Total,MEAN,Mean,_Z,Not applicable,MAIN,Main job,2005,,36.4330385193279,,A,Normal value,0,Units,1,One
DATAFLOW,OECD.ELS.SAE:DSD_HW@DF_AVG_USL_WK_WKD(1.0),Average usual weekly hours worked on the main job,I,DEU,Germany,HW,Hours worked,H_WK_PS,Hours per week per person,_T,Total,Y15T64,From 15 to 64 years,EMP,Employment,W,Weekly,USUAL,Usual,ICSE93_1,Employees,_T,Total,MEAN,Mean,_Z,Not applicable,MAIN,Main job,1985,,38.5187331183398,,A,Normal value,0,Units,1,One
DATAFLOW,OECD.ELS.SAE:DSD_HW@DF_AVG_USL_WK_WKD(1.0),Average usual weekly hours worked on the main job,I,DEU,Germany,HW,Hours worked,H_WK_PS,Hours per week per person,_T,Total,Y15T64,From 15 to 64 years,EMP,Employment,W,Weekly,USUAL,Usual,ICSE93_1,Employees,_T,Total,MEAN,Mean,_Z,Not applicable,MAIN,Main job,1989,,37.7416130528,,A,Normal value,0,Units,1,One
DATAFLOW,OECD.ELS.SAE:DSD_HW@DF_AVG_USL_WK_WKD(1.0),Average usual weekly hours worked on the main job,I,DEU,Germany,HW,Hours worked,H_WK_PS,Hours per week per person,_T,Total,Y15T64,From 15 to 64 years,EMP,Employment,W,Weekly,USUAL,Usual,ICSE93_1,Employees,_T,Total,MEAN,Mean,_Z,Not applicable,MAIN,Main job,1995,,36.3982684933473,,A,Normal value,0,Units,1,One
DATAFLOW,OECD.ELS.SAE:DSD_HW@DF_AVG_USL_WK_WKD(1.0),Average usual weekly hours worked on the main job,I,DEU,Germany,HW,Hours worked,H_WK_PS,Hours per week per person,_T,Total,Y15T64,From 15 to 64 years,EMP,Employment,W,Weekly,USUAL,Usual,ICSE93_1,Employees,_T,Total,MEAN,Mean,_Z,Not applicable,MAIN,Main job,1996,,36.5042480222919,,A,Normal value,0,Units,1,One
DATAFLOW,OECD.ELS.SAE:DSD_HW@DF_AVG_USL_WK_WKD(1.0),Average usual weekly hours worked on the main job,I,DEU,Germany,HW,Hours worked,H_WK_PS,Hours per week per person,_T,Total,Y15T64,From 15 to 64 years,EMP,Employment,W,Weekly,USUAL,Usual,ICSE93_1,Employees,_T,Total,MEAN,Mean,_Z,Not applicable,MAIN,Main job,2003,,34.8893043818027,,A,Normal value,0,Units,1,One
DATAFLOW,OECD.ELS.SAE:DSD_HW@DF_AVG_USL_WK_WKD(1.0),Average usual weekly hours worked on the main job,I,DEU,Germany,HW,Hours worked,H_WK_PS,Hours per week per person,_T,Total,Y15T64,From 15 to 64 years,EMP,Employment,W,Weekly,USUAL,Usual,ICSE93_1,Employees,_T,Total,MEAN,Mean,_Z,Not applicable,MAIN,Main job,2004,,34.8859711766848,,A,Normal value,0,Units,1,One
DATAFLOW,OECD.ELS.SAE:DSD_HW@DF_AVG_USL_WK_WKD(1.0),Average usual weekly hours worked on the main job,I,DEU,Germany,HW,Hours worked,H_WK_PS,Hours per week per person,_T,Total,Y15T64,From 15 to 64 years,EMP,Employment,W,Weekly,USUAL,Usual,ICSE93_1,Employees,_T,Total,MEAN,Mean,_Z,Not applicable,MAIN,Main job,2008,,34.7059334787389,,A,Normal value,0,Units,1,One
DATAFLOW,OECD.ELS.SAE:DSD_HW@DF_AVG_USL_WK_WKD(1.0),Average usual weekly hours worked on the main job,I,DEU,Germany,HW,Hours worked,H_WK_PS,Hours per week per person,_T,Total,Y15T64,From 15 to 64 years,EMP,Employment,W,Weekly,USUAL,Usual,ICSE93_1,Employees,_T,Total,MEAN,Mean,_Z,Not applicable,MAIN,Main job,2020,,34.6525064150951,,A,Normal value,0,Units,1,One
DATAFLOW,OECD.ELS.SAE:DSD_HW@DF_AVG_USL_WK_WKD(1.0),Average usual weekly hours worked on the main job,I,USA,United States,HW,Hours worked,H_WK_PS,Hours per week per person,_T,Total,Y15T64,From 15 to 64 years,EMP,Employment,W,Weekly,USUAL,Usual,ICSE93_1,Employees,_T,Total,MEAN,Mean,_Z,Not applicable,MAIN,Main job,1980,,37.7784302304848,,A,Normal value,0,Units,1,One
DATAFLOW,OECD.ELS.SAE:DSD_HW@DF_AVG_USL_WK_WKD(1.0),Average usual weekly hours worked on the main job,I,USA,United States,HW,Hours worked,H_WK_PS,Hours per week per person,_T,Total,Y15T64,From 15 to 64 years,EMP,Employment,W,Weekly,USUAL,Usual,ICSE93_1,Employees,_T,Total,MEAN,Mean,_Z,Not applicable,MAIN,Main job,1981,,37.7236675126903,,A,Normal value,0,Units,1,One
DATAFLOW,OECD.ELS.SAE:DSD_HW@DF_AVG_USL_WK_WKD(1.0),Average usual weekly hours worked on the main job,I,USA,United States,HW,Hours worked,H_WK_PS,Hours per week per person,_T,Total,Y15T64,From 15 to 64 years,EMP,Employment,W,Weekly,USUAL,Usual,ICSE93_1,Employees,_T,Total,MEAN,Mean,_Z,Not applicable,MAIN,Main job,1983,,37.4001791459921,,A,Normal value,0,Units,1,One
DATAFLOW,OECD.ELS.SAE:DSD_HW@DF_AVG_USL_WK_WKD(1.0),Average usual weekly hours worked on the main job,I,USA,United States,HW,Hours worked,H_WK_PS,Hours per week per person,_T,Total,Y15T64,From 15 to 64 years,EMP,Employment,W,Weekly,USUAL,Usual,ICSE93_1,Employees,_T,Total,MEAN,Mean,_Z,Not applicable,MAIN,Main job,1988,,38.0830199565221,,A,Normal value,0,Units,1,One
DATAFLOW,OECD.ELS.SAE:DSD_HW@DF_AVG_USL_WK_WKD(1.0),Average usual weekly hours worked on the main job,I,USA,United States,HW,Hours worked,H_WK_PS,Hours per week per person,_T,Total,Y15T64,From 15 to 64 years,EMP,Employment,W,Weekly,USUAL,Usual,ICSE93_1,Employees,_T,Total,MEAN,Mean,_Z,Not applicable,MAIN,Main job,1989,,38.1785071669732,,A,Normal value,0,Units,1,One
DATAFLOW,OECD.ELS.SAE:DSD_HW@DF_AVG_USL_WK_WKD(1.0),Average usual weekly hours worked on the main job,I,USA,United States,HW,Hours worked,H_WK_PS,Hours per week per person,_T,Total,Y15T64,From 15 to 64 years,EMP,Employment,W,Weekly,USUAL,Usual,ICSE93_1,Employees,_T,Total,MEAN,Mean,_Z,Not applicable,MAIN,Main job,1991,,38.0000907614888,,A,Normal value,0,Units,1,One
DATAFLOW,OECD.ELS.SAE:DSD_HW@DF_AVG_USL_WK_WKD(1.0),Average usual weekly hours worked on the main job,I,USA,United States,HW,Hours worked,H_WK_PS,Hours per week per person,_T,Total,Y15T64,From 15 to 64 years,EMP,Employment,W,Weekly,USUAL,Usual,ICSE93_1,Employees,_T,Total,MEAN,Mean,_Z,Not applicable,MAIN,Main job,1992,,38.0446441947565,,A,Normal value,0,Units,1,One
DATAFLOW,OECD.ELS.SAE:DSD_HW@DF_AVG_USL_WK_WKD(1.0),Average usual weekly hours worked on the main job,I,USA,United States,HW,Hours worked,H_WK_PS,Hours per week per person,_T,Total,Y15T64,From 15 to 64 years,EMP,Employment,W,Weekly,USUAL,Usual,ICSE93_1,Employees,_T,Total,MEAN,Mean,_Z,Not applicable,MAIN,Main job,1994,,38.706856509086,,A,Normal value,0,Units,1,One
DATAFLOW,OECD.ELS.SAE:DSD_HW@DF_AVG_USL_WK_WKD(1.0),Average usual weekly hours worked on the main job,I,USA,United States,HW,Hours worked,H_WK_PS,Hours per week per person,_T,Total,Y15T64,From 15 to 64 years,EMP,Employment,W,Weekly,USUAL,Usual,ICSE93_1,Employees,_T,Total,MEAN,Mean,_Z,Not applicable,MAIN,Main job,1995,,38.8335876016297,,A,Normal value,0,Units,1,One
DATAFLOW,OECD.ELS.SAE:DSD_HW@DF_AVG_USL_WK_WKD(1.0),Average usual weekly hours worked on the main job,I,USA,United States,HW,Hours worked,H_WK_PS,Hours per week per person,_T,Total,Y15T64,From 15 to 64 years,EMP,Employment,W,Weekly,USUAL,Usual,ICSE93_1,Employees,_T,Total,MEAN,Mean,_Z,Not applicable,MAIN,Main job,1997,,38.9180386446673,,A,Normal value,0,Units,1,One
DATAFLOW,OECD.ELS.SAE:DSD_HW@DF_AVG_USL_WK_WKD(1.0),Average usual weekly hours worked on the main job,I,USA,United States,HW,Hours worked,H_WK_PS,Hours per week per person,_T,Total,Y15T64,From 15 to 64 years,EMP,Employment,W,Weekly,USUAL,Usual,ICSE93_1,Employees,_T,Total,MEAN,Mean,_Z,Not applicable,MAIN,Main job,2001,,38.9701780602264,,A,Normal value,0,Units,1,One
DATAFLOW,OECD.ELS.SAE:DSD_HW@DF_AVG_USL_WK_WKD(1.0),Average usual weekly hours worked on the main job,I,USA,United States,HW,Hours worked,H_WK_PS,Hours per week per person,_T,Total,Y15T64,From 15 to 64 years,EMP,Employment,W,Weekly,USUAL,Usual,ICSE93_1,Employees,_T,Total,MEAN,Mean,_Z,Not applicable,MAIN,Main job,2002,,38.8307810339594,,A,Normal value,0,Units,1,One
DATAFLOW,OECD.ELS.SAE:DSD_HW@DF_AVG_USL_WK_WKD(1.0),Average usual weekly hours worked on the main job,I,USA,United States,HW,Hours worked,H_WK_PS,Hours per week per person,_T,Total,Y15T64,From 15 to 64 years,EMP,Employment,W,Weekly,USUAL,Usual,ICSE93_1,Employees,_T,Total,MEAN,Mean,_Z,Not applicable,MAIN,Main job,2003,,38.6919598116697,,A,Normal value,0,Units,1,One
DATAFLOW,OECD.ELS.SAE:DSD_HW@DF_AVG_USL_WK_WKD(1.0),Average usual weekly hours worked on the main job,I,USA,United States,HW,Hours worked,H_WK_PS,Hours per week per person,_T,Total,Y15T64,From 15 to 64 years,EMP,Employment,W,Weekly,USUAL,Usual,ICSE93_1,Employees,_T,Total,MEAN,Mean,_Z,Not applicable,MAIN,Main job,2004,,38.7476179365171,,A,Normal value,0,Units,1,One
DATAFLOW,OECD.ELS.SAE:DSD_HW@DF_AVG_USL_WK_WKD(1.0),Average usual weekly hours worked on the main job,I,USA,United States,HW,Hours worked,H_WK_PS,Hours per week per person,_T,Total,Y15T64,From 15 to 64 years,EMP,Employment,W,Weekly,USUAL,Usual,ICSE93_1,Employees,_T,Total,MEAN,Mean,_Z,Not applicable,MAIN,Main job,2005,,38.8444292588712,,A,Normal value,0,Units,1,One
DATAFLOW,OECD.ELS.SAE:DSD_HW@DF_AVG_USL_WK_WKD(1.0),Average usual weekly hours worked on the main job,I,USA,United States,HW,Hours worked,H_WK_PS,Hours per week per person,_T,Total,Y15T64,From 15 to 64 years,EMP,Employment,W,Weekly,USUAL,Usual,ICSE93_1,Employees,_T,Total,MEAN,Mean,_Z,Not applicable,MAIN,Main job,2006,,38.9787821497815,,A,Normal value,0,Units,1,One
DATAFLOW,OECD.ELS.SAE:DSD_HW@DF_AVG_USL_WK_WKD(1.0),Average usual weekly hours worked on the main job,I,USA,United States,HW,Hours worked,H_WK_PS,Hours per week per person,_T,Total,Y15T64,From 15 to 64 years,EMP,Employment,W,Weekly,USUAL,Usual,ICSE93_1,Employees,_T,Total,MEAN,Mean,_Z,Not applicable,MAIN,Main job,2007,,38.938720804257,,A,Normal value,0,Units,1,One
DATAFLOW,OECD.ELS.SAE:DSD_HW@DF_AVG_USL_WK_WKD(1.0),Average usual weekly hours worked on the main job,I,DEU,Germany,HW,Hours worked,H_WK_PS,Hours per week per person,M,Male,Y15T64,From 15 to 64 years,EMP,Employment,W,Weekly,USUAL,Usual,ICSE93_1,Employees,_T,Total,MEAN,Mean,_Z,Not applicable,MAIN,Main job,1983,,40.9967400046296,,A,Normal value,0,Units,1,One
DATAFLOW,OECD.ELS.SAE:DSD_HW@DF_AVG_USL_WK_WKD(1.0),Average usual weekly hours worked on the main job,I,DEU,Germany,HW,Hours worked,H_WK_PS,Hours per week per person,M,Male,Y15T64,From 15 to 64 years,EMP,Employment,W,Weekly,USUAL,Usual,ICSE93_1,Employees,_T,Total,MEAN,Mean,_Z,Not applicable,MAIN,Main job,1984,,40.9554070716649,,A,Normal value,0,Units,1,One
DATAFLOW,OECD.ELS.SAE:DSD_HW@DF_AVG_USL_WK_WKD(1.0),Average usual weekly hours worked on the main job,I,DEU,Germany,HW,Hours worked,H_WK_PS,Hours per week per person,M,Male,Y15T64,From 15 to 64 years,EMP,Employment,W,Weekly,USUAL,Usual,ICSE93_1,Employees,_T,Total,MEAN,Mean,_Z,Not applicable,MAIN,Main job,1985,,40.8604221919506,,A,Normal value,0,Units,1,One
DATAFLOW,OECD.ELS.SAE:DSD_HW@DF_AVG_USL_WK_WKD(1.0),Average usual weekly hours worked on the main job,I,DEU,Germany,HW,Hours worked,H_WK_PS,Hours per week per person,M,Male,Y15T64,From 15 to 64 years,EMP,Employment,W,Weekly,USUAL,Usual,ICSE93_1,Employees,_T,Total,MEAN,Mean,_Z,Not applicable,MAIN,Main job,1986,,40.7033526668948,,A,Normal value,0,Units,1,One
DATAFLOW,OECD.ELS.SAE:DSD_HW@DF_AVG_USL_WK_WKD(1.0),Average usual weekly hours worked on the main job,I,DEU,Germany,HW,Hours worked,H_WK_PS,Hours per week per person,M,Male,Y15T64,From 15 to 64 years,EMP,Employment,W,Weekly,USUAL,Usual,ICSE93_1,Employees,_T,Total,MEAN,Mean,_Z,Not applicable,MAIN,Main job,1989,,40.1675113090633,,A,Normal value,0,Units,1,One
DATAFLOW,OECD.ELS.SAE:DSD_HW@DF_AVG_USL_WK_WKD(1.0),Average usual weekly hours worked on the main job,I,DEU,Germany,HW,Hours worked,H_WK_PS,Hours per week per person,M,Male,Y15T64,From 15 to 64 years,EMP,Employment,W,Weekly,USUAL,Usual,ICSE93_1,Employees,_T,Total,MEAN,Mean,_Z,Not applicable,MAIN,Main job,1992,,39.6713573604306,,A,Normal value,0,Units,1,One
DATAFLOW,OECD.ELS.SAE:DSD_HW@DF_AVG_USL_WK_WKD(1.0),Average usual weekly hours worked on the main job,I,DEU,Germany,HW,Hours worked,H_WK_PS,Hours per week per person,M,Male,Y15T64,From 15 to 64 years,EMP,Employment,W,Weekly,USUAL,Usual,ICSE93_1,Employees,_T,Total,MEAN,Mean,_Z,Not applicable,MAIN,Main job,1993,,39.3937532354405,,A,Normal value,0,Units,1,One
DATAFLOW,OECD.ELS.SAE:DSD_HW@DF_AVG_USL_WK_WKD(1.0),Average usual weekly hours worked on the main job,I,DEU,Germany,HW,Hours worked,H_WK_PS,Hours per week per person,M,Male,Y15T64,From 15 to 64 years,EMP,Employment,W,Weekly,USUAL,Usual,ICSE93_1,Employees,_T,Total,MEAN,Mean,_Z,Not applicable,MAIN,Main job,1998,,39.4413775464248,,A,Normal value,0,Units,1,One
DATAFLOW,OECD.ELS.SAE:DSD_HW@DF_AVG_USL_WK_WKD(1.0),Average usual weekly hours worked on the main job,I,DEU,Germany,HW,Hours worked,H_WK_PS,Hours per week per person,M,Male,Y15T64,From 15 to 64 years,EMP,Employment,W,Weekly,USUAL,Usual,ICSE93_1,Employees,_T,Total,MEAN,Mean,_Z,Not applicable,MAIN,Main job,2002,,39.0773458042301,,A,Normal value,0,Units,1,One
DATAFLOW,OECD.ELS.SAE:DSD_HW@DF_AVG_USL_WK_WKD(1.0),Average usual weekly hours worked on the main job,I,DEU,Germany,HW,Hours worked,H_WK_PS,Hours per week per person,M,Male,Y15T64,From 15 to 64 years,EMP,Employment,W,Weekly,USUAL,Usual,ICSE93_1,Employees,_T,Total,MEAN,Mean,_Z,Not applicable,MAIN,Main job,2004,,38.8407330295867,,A,Normal value,0,Units,1,One
DATAFLOW,OECD.ELS.SAE:DSD_HW@DF_AVG_USL_WK_WKD(1.0),Average usual weekly hours worked on the main job,I,DEU,Germany,HW,Hours worked,H_WK_PS,Hours per week per person,M,Male,Y15T64,From 15 to 64 years,EMP,Employment,W,Weekly,USUAL,Usual,ICSE93_1,Employees,_T,Total,MEAN,Mean,_Z,Not applicable,MAIN,Main job,2020,,38.3368763458431,,A,Normal value,0,Units,1,One
DATAFLOW,OECD.ELS.SAE:DSD_HW@DF_AVG_USL_WK_WKD(1.0),Average usual weekly hours worked on the main job,I,USA,United States,HW,Hours worked,H_WK_PS,Hours per week per person,M,Male,Y15T64,From 15 to 64 years,EMP,Employment,W,Weekly,USUAL,Usual,ICSE93_1,Employees,_T,Total,MEAN,Mean,_Z,Not applicable,MAIN,Main job,1979,,40.5213533000554,,A,Normal value,0,Units,1,One
DATAFLOW,OECD.ELS.SAE:DSD_HW@DF_AVG_USL_WK_WKD(1.0),Average usual weekly hours worked on the main job,I,USA,United States,HW,Hours worked,H_WK_PS,Hours per week per person,M,Male,Y15T64,From 15 to 64 years,EMP,Employment,W,Weekly,USUAL,Usual,ICSE93_1,Employees,_T,Total,MEAN,Mean,_Z,Not applicable,MAIN,Main job,1980,,40.1902294756384,,A,Normal value,0,Units,1,One
DATAFLOW,OECD.ELS.SAE:DSD_HW@DF_AVG_USL_WK_WKD(1.0),Average usual weekly hours worked on the main job,I,USA,United States,HW,Hours worked,H_WK_PS,Hours per week per person,M,Male,Y15T64,From 15 to 64 years,EMP,Employment,W,Weekly,USUAL,Usual,ICSE93_1,Employees,_T,Total,MEAN,Mean,_Z,Not applicable,MAIN,Main job,1981,,40.1111469279865,,A,Normal value,0,Units,1,One
DATAFLOW,OECD.ELS.SAE:DSD_HW@DF_AVG_USL_WK_WKD(1.0),Average usual weekly hours worked on the main job,I,USA,United States,HW,Hours worked,H_WK_PS,Hours per week per person,M,Male,Y15T64,From 15 to 64 years,EMP,Employment,W,Weekly,USUAL,Usual,ICSE93_1,Employees,_T,Total,MEAN,Mean,_Z,Not applicable,MAIN,Main job,1983,,39.7778484622471,,A,Normal value,0,Units,1,One
DATAFLOW,OECD.ELS.SAE:DSD_HW@DF_AVG_USL_WK_WKD(1.0),Average usual weekly hours worked on the main job,I,USA,United States,HW,Hours worked,H_WK_PS,Hours per week per person,M,Male,Y15T64,From 15 to 64 years,EMP,Employment,W,Weekly,USUAL,Usual,ICSE93_1,Employees,_T,Total,MEAN,Mean,_Z,Not applicable,MAIN,Main job,1987,,40.3773780560762,,A,Normal value,0,Units,1,One
DATAFLOW,OECD.ELS.SAE:DSD_HW@DF_AVG_USL_WK_WKD(1.0),Average usual weekly hours worked on the main job,I,USA,United States,HW,Hours worked,H_WK_PS,Hours per week per person,M,Male,Y15T64,From 15 to 64 years,EMP,Employment,W,Weekly,USUAL,Usual,ICSE93_1,Employees,_T,Total,MEAN,Mean,_Z,Not applicable,MAIN,Main job,1989,,40.5612510860121,,A,Normal value,0,Units,1,One
DATAFLOW,OECD.ELS.SAE:DSD_HW@DF_AVG_USL_WK_WKD(1.0),Average usual weekly hours worked on the main job,I,USA,United States,HW,Hours worked,H_WK_PS,Hours per week per person,M,Male,Y15T64,From 15 to 64 years,EMP,Employment,W,Weekly,USUAL,Usual,ICSE93_1,Employees,_T,Total,MEAN,Mean,_Z,Not applicable,MAIN,Main job,1992,,40.252429430819,,A,Normal value,0,Units,1,One
DATAFLOW,OECD.ELS.SAE:DSD_HW@DF_AVG_USL_WK_WKD(1.0),Average usual weekly hours worked on the main job,I,USA,United States,HW,Hours worked,H_WK_PS,Hours per week per person,M,Male,Y15T64,From 15 to 64 years,EMP,Employment,W,Weekly,USUAL,Usual,ICSE93_1,Employees,_T,Total,MEAN,Mean,_Z,Not applicable,MAIN,Main job,1994,,41.1954027142779,,A,Normal value,0,Units,1,One
DATAFLOW,OECD.ELS.SAE:DSD_HW@DF_AVG_USL_WK_WKD(1.0),Average usual weekly hours worked on the main job,I,USA,United States,HW,Hours worked,H_WK_PS,Hours per week per person,M,Male,Y15T64,From 15 to 64 years,EMP,Employment,W,Weekly,USUAL,Usual,ICSE93_1,Employees,_T,Total,MEAN,Mean,_Z,Not applicable,MAIN,Main job,1995,,41.3890829462037,,A,Normal value,0,Units,1,One
DATAFLOW,OECD.ELS.SAE:DSD_HW@DF_AVG_USL_WK_WKD(1.0),Average usual weekly hours worked on the main job,I,USA,United States,HW,Hours worked,H_WK_PS,Hours per week per person,M,Male,Y15T64,From 15 to 64 years,EMP,Employment,W,Weekly,USUAL,Usual,ICSE93_1,Employees,_T,Total,MEAN,Mean,_Z,Not applicable,MAIN,Main job,1997,,41.3683071977016,,A,Normal value,0,Units,1,One
DATAFLOW,OECD.ELS.SAE:DSD_HW@DF_AVG_USL_WK_WKD(1.0),Average usual weekly hours worked on the main job,I,USA,United States,HW,Hours worked,H_WK_PS,Hours per week per person,M,Male,Y15T64,From 15 to 64 years,EMP,Employment,W,Weekly,USUAL,Usual,ICSE93_1,Employees,_T,Total,MEAN,Mean,_Z,Not applicable,MAIN,Main job,2000,,41.4333317227161,,A,Normal value,0,Units,1,One
DATAFLOW,OECD.ELS.SAE:DSD_HW@DF_AVG_USL_WK_WKD(1.0),Average usual weekly hours worked on the main job,I,USA,United States,HW,Hours worked,H_WK_PS,Hours per week per person,M,Male,Y15T64,From 15 to 64 years,EMP,Employment,W,Weekly,USUAL,Usual,ICSE93_1,Employees,_T,Total,MEAN,Mean,_Z,Not applicable,MAIN,Main job,2001,,41.218320032245,,A,Normal value,0,Units,1,One
DATAFLOW,OECD.ELS.SAE:DSD_HW@DF_AVG_USL_WK_WKD(1.0),Average usual weekly hours worked on the main job,I,USA,United States,HW,Hours worked,H_WK_PS,Hours per week per person,M,Male,Y15T64,From 15 to 64 years,EMP,Employment,W,Weekly,USUAL,Usual,ICSE93_1,Employees,_T,Total,MEAN,Mean,_Z,Not applicable,MAIN,Main job,2004,,40.9656390772535,,A,Normal value,0,Units,1,One
DATAFLOW,OECD.ELS.SAE:DSD_HW@DF_AVG_USL_WK_WKD(1.0),Average usual weekly hours worked on the main job,I,USA,United States,HW,Hours worked,H_WK_PS,Hours per week per person,M,Male,Y15T64,From 15 to 64 years,EMP,Employment,W,Weekly,USUAL,Usual,ICSE93_1,Employees,_T,Total,MEAN,Mean,_Z,Not applicable,MAIN,Main job,2005,,41.0641943291839,,A,Normal value,0,Units,1,One
DATAFLOW,OECD.ELS.SAE:DSD_HW@DF_AVG_USL_WK_WKD(1.0),Average usual weekly hours worked on the main job,I,USA,United States,HW,Hours worked,H_WK_PS,Hours per week per person,M,Male,Y15T64,From 15 to 64 years,EMP,Employment,W,Weekly,USUAL,Usual,ICSE93_1,Employees,_T,Total,MEAN,Mean,_Z,Not applicable,MAIN,Main job,2006,,41.1635667767523,,A,Normal value,0,Units,1,One
DATAFLOW,OECD.ELS.SAE:DSD_HW@DF_AVG_USL_WK_WKD(1.0),Average usual weekly hours worked on the main job,I,USA,United States,HW,Hours worked,H_WK_PS,Hours per week per person,M,Male,Y15T64,From 15 to 64 years,EMP,Employment,W,Weekly,USUAL,Usual,ICSE93_1,Employees,_T,Total,MEAN,Mean,_Z,Not applicable,MAIN,Main job,2007,,41.1260443614431,,A,Normal value,0,Units,1,One
DATAFLOW,OECD.ELS.SAE:DSD_HW@DF_AVG_USL_WK_WKD(1.0),Average usual weekly hours worked on the main job,I,DEU,Germany,HW,Hours worked,H_WK_PS,Hours per week per person,_T,Total,Y15T64,From 15 to 64 years,EMP,Employment,W,Weekly,USUAL,Usual,ICSE93_1,Employees,_T,Total,MEAN,Mean,_Z,Not applicable,MAIN,Main job,2009,,34.815,,A,Normal value,0,Units,1,One
DATAFLOW,OECD.ELS.SAE:DSD_HW@DF_AVG_USL_WK_WKD(1.0),Average usual weekly hours worked on the main job,I,DEU,Germany,HW,Hours worked,H_WK_PS,Hours per week per person,_T,Total,Y15T64,From 15 to 64 years,EMP,Employment,W,Weekly,USUAL,Usual,ICSE93_1,Employees,_T,Total,MEAN,Mean,_Z,Not applicable,MAIN,Main job,2010,,34.804,,A,Normal value,0,Units,1,One
DATAFLOW,OECD.ELS.SAE:DSD_HW@DF_AVG_USL_WK_WKD(1.0),Average usual weekly hours worked on the main job,I,DEU,Germany,HW,Hours worked,H_WK_PS,Hours per week per person,_T,Total,Y15T64,From 15 to 64 years,EMP,Employment,W,Weekly,USUAL,Usual,ICSE93_1,Employees,_T,Total,MEAN,Mean,_Z,Not applicable,MAIN,Main job,2011,,34.772,,A,Normal value,0,Units,1,One
DATAFLOW,OECD.ELS.SAE:DSD_HW@DF_AVG_USL_WK_WKD(1.0),Average usual weekly hours worked on the main job,I,DEU,Germany,HW,Hours worked,H_WK_PS,Hours per week per person,_T,Total,Y15T64,From 15 to 64 years,EMP,Employment,W,Weekly,USUAL,Usual,ICSE93_1,Employees,_T,Total,MEAN,Mean,_Z,Not applicable,MAIN,Main job,2012,,34.853,,A,Normal value,0,Units,1,One
DATAFLOW,OECD.ELS.SAE:DSD_HW@DF_AVG_USL_WK_WKD(1.0),Average usual weekly hours worked on the main job,I,DEU,Germany,HW,Hours worked,H_WK_PS,Hours per week per person,_T,Total,Y15T64,From 15 to 64 years,EMP,Employment,W,Weekly,USUAL,Usual,ICSE93_1,Employees,_T,Total,MEAN,Mean,_Z,Not applicable,MAIN,Main job,2013,,34.69,,A,Normal value,0,Units,1,One
DATAFLOW,OECD.ELS.SAE:DSD_HW@DF_AVG_USL_WK_WKD(1.0),Average usual weekly hours worked on the main job,I,DEU,Germany,HW,Hours worked,H_WK_PS,Hours per week per person,_T,Total,Y15T64,From 15 to 64 years,EMP,Employment,W,Weekly,USUAL,Usual,ICSE93_1,Employees,_T,Total,MEAN,Mean,_Z,Not applicable,MAIN,Main job,2014,,34.743,,A,Normal value,0,Units,1,One
DATAFLOW,OECD.ELS.SAE:DSD_HW@DF_AVG_USL_WK_WKD(1.0),Average usual weekly hours worked on the main job,I,DEU,Germany,HW,Hours worked,H_WK_PS,Hours per week per person,_T,Total,Y15T64,From 15 to 64 years,EMP,Employment,W,Weekly,USUAL,Usual,ICSE93_1,Employees,_T,Total,MEAN,Mean,_Z,Not applicable,MAIN,Main job,2015,,34.698,,A,Normal value,0,Units,1,One
DATAFLOW,OECD.ELS.SAE:DSD_HW@DF_AVG_USL_WK_WKD(1.0),Average usual weekly hours worked on the main job,I,DEU,Germany,HW,Hours worked,H_WK_PS,Hours per week per person,_T,Total,Y15T64,From 15 to 64 years,EMP,Employment,W,Weekly,USUAL,Usual,ICSE93_1,Employees,_T,Total,MEAN,Mean,_Z,Not applicable,MAIN,Main job,2016,,34.748,,A,Normal value,0,Units,1,One
DATAFLOW,OECD.ELS.SAE:DSD_HW@DF_AVG_USL_WK_WKD(1.0),Average usual weekly hours worked on the main job,I,DEU,Germany,HW,Hours worked,H_WK_PS,Hours per week per person,_T,Total,Y15T64,From 15 to 64 years,EMP,Employment,W,Weekly,USUAL,Usual,ICSE93_1,Employees,_T,Total,MEAN,Mean,_Z,Not applicable,MAIN,Main job,2017,,34.659,,A,Normal value,0,Units,1,One
DATAFLOW,OECD.ELS.SAE:DSD_HW@DF_AVG_USL_WK_WKD(1.0),Average usual weekly hours worked on the main job,I,DEU,Germany,HW,Hours worked,H_WK_PS,Hours per week per person,_T,Total,Y15T64,From 15 to 64 years,EMP,Employment,W,Weekly,USUAL,Usual,ICSE93_1,Employees,_T,Total,MEAN,Mean,_Z,Not applicable,MAIN,Main job,2018,,34.666,,A,Normal value,0,Units,1,One
DATAFLOW,OECD.ELS.SAE:DSD_HW@DF_AVG_USL_WK_WKD(1.0),Average usual weekly hours worked on the main job,I,DEU,Germany,HW,Hours worked,H_WK_PS,Hours per week per person,_T,Total,Y15T64,From 15 to 64 years,EMP,Employment,W,Weekly,USUAL,Usual,ICSE93_1,Employees,_T,Total,MEAN,Mean,_Z,Not applicable,MAIN,Main job,2019,,34.629,,A,Normal value,0,Units,1,One
DATAFLOW,OECD.ELS.SAE:DSD_HW@DF_AVG_USL_WK_WKD(1.0),Average usual weekly hours worked on the main job,I,DEU,Germany,HW,Hours worked,H_WK_PS,Hours per week per person,_T,Total,Y15T64,From 15 to 64 years,EMP,Employment,W,Weekly,USUAL,Usual,ICSE93_1,Employees,_T,Total,MEAN,Mean,_Z,Not applicable,MAIN,Main job,2021,,34.803,,A,Normal value,0,Units,1,One
DATAFLOW,OECD.ELS.SAE:DSD_HW@DF_AVG_USL_WK_WKD(1.0),Average usual weekly hours worked on the main job,I,DEU,Germany,HW,Hours worked,H_WK_PS,Hours per week per person,_T,Total,Y15T64,From 15 to 64 years,EMP,Employment,W,Weekly,USUAL,Usual,ICSE93_1,Employees,_T,Total,MEAN,Mean,_Z,Not applicable,MAIN,Main job,2022,,34.735,,A,Normal value,0,Units,1,One
DATAFLOW,OECD.ELS.SAE:DSD_HW@DF_AVG_USL_WK_WKD(1.0),Average usual weekly hours worked on the main job,I,DEU,Germany,HW,Hours worked,H_WK_PS,Hours per week per person,_T,Total,Y15T64,From 15 to 64 years,EMP,Employment,W,Weekly,USUAL,Usual,ICSE93_1,Employees,_T,Total,MEAN,Mean,_Z,Not applicable,MAIN,Main job,2023,,34.512,,A,Normal value,0,Units,1,One
DATAFLOW,OECD.ELS.SAE:DSD_HW@DF_AVG_USL_WK_WKD(1.0),Average usual weekly hours worked on the main job,I,DEU,Germany,HW,Hours worked,H_WK_PS,Hours per week per person,_T,Total,Y15T64,From 15 to 64 years,EMP,Employment,W,Weekly,USUAL,Usual,ICSE93_1,Employees,_T,Total,MEAN,Mean,_Z,Not applicable,MAIN,Main job,2024,,34.456,,A,Normal value,0,Units,1,One
DATAFLOW,OECD.ELS.SAE:DSD_HW@DF_AVG_USL_WK_WKD(1.0),Average usual weekly hours worked on the main job,I,DEU,Germany,HW,Hours worked,H_WK_PS,Hours per week per person,_T,Total,Y15T64,From 15 to 64 years,EMP,Employment,W,Weekly,USUAL,Usual,ICSE93_1,Employees,_T,Total,MEAN,Mean,_Z,Not applicable,MAIN,Main job,2025,,34.435,,A,Normal value,0,Units,1,One
DATAFLOW,OECD.ELS.SAE:DSD_HW@DF_AVG_USL_WK_WKD(1.0),Average usual weekly hours worked on the main job,I,USA,United States,HW,Hours worked,H_WK_PS,Hours per week per person,_T,Total,Y15T64,From 15 to 64 years,EMP,Employment,W,Weekly,USUAL,Usual,ICSE93_1,Employees,_T,Total,MEAN,Mean,_Z,Not applicable,MAIN,Main job,2010,,38.318,,A,Normal value,0,Units,1,One
DATAFLOW,OECD.ELS.SAE:DSD_HW@DF_AVG_USL_WK_WKD(1.0),Average usual weekly hours worked on the main job,I,USA,United States,HW,Hours worked,H_WK_PS,Hours per week per person,_T,Total,Y15T64,From 15 to 64 years,EMP,Employment,W,Weekly,USUAL,Usual,ICSE93_1,Employees,_T,Total,MEAN,Mean,_Z,Not applicable,MAIN,Main job,2011,,38.374,,A,Normal value,0,Units,1,One
DATAFLOW,OECD.ELS.SAE:DSD_HW@DF_AVG_USL_WK_WKD(1.0),Average usual weekly hours worked on the main job,I,USA,United States,HW,Hours worked,H_WK_PS,Hours per week per person,_T,Total,Y15T64,From 15 to 64 years,EMP,Employment,W,Weekly,USUAL,Usual,ICSE93_1,Employees,_T,Total,MEAN,Mean,_Z,Not applicable,MAIN,Main job,2012,,38.486,,A,Normal value,0,Units,1,One
DATAFLOW,OECD.ELS.SAE:DSD_HW@DF_AVG_USL_WK_WKD(1.0),Average usual weekly hours worked on the main job,I,USA,United States,HW,Hours worked,H_WK_PS,Hours per week per person,_T,Total,Y15T64,From 15 to 64 years,EMP,Employment,W,Weekly,USUAL,Usual,ICSE93_1,Employees,_T,Total,MEAN,Mean,_Z,Not applicable,MAIN,Main job,2013,,38.553,,A,Normal value,0,Units,1,One
DATAFLOW,OECD.ELS.SAE:DSD_HW@DF_AVG_USL_WK_WKD(1.0),Average usual weekly hours worked on the main job,I,USA,United States,HW,Hours worked,H_WK_PS,Hours per week per person,_T,Total,Y15T64,From 15 to 64 years,EMP,Employment,W,Weekly,USUAL,Usual,ICSE93_1,Employees,_T,Total,MEAN,Mean,_Z,Not applicable,MAIN,Main job,2014,,38.674,,A,Normal value,0,Units,1,One
DATAFLOW,OECD.ELS.SAE:DSD_HW@DF_AVG_USL_WK_WKD(1.0),Average usual weekly hours worked on the main job,I,USA,United States,HW,Hours worked,H_WK_PS,Hours per week per person,_T,Total,Y15T64,From 15 to 64 years,EMP,Employment,W,Weekly,USUAL,Usual,ICSE93_1,Employees,_T,Total,MEAN,Mean,_Z,Not applicable,MAIN,Main job,2015,,38.696,,A,Normal value,0,Units,1,One
DATAFLOW,OECD.ELS.SAE:DSD_HW@DF_AVG_USL_WK_WKD(1.0),Average usual weekly hours worked on the main job,I,USA,United States,HW,Hours worked,H_WK_PS,Hours per week per person,_T,Total,Y15T64,From 15 to 64 years,EMP,Employment,W,Weekly,USUAL,Usual,ICSE93_1,Employees,_T,Total,MEAN,Mean,_Z,Not applicable,MAIN,Main job,2016,,38.691,,A,Normal value,0,Units,1,One
DATAFLOW,OECD.ELS.SAE:DSD_HW@DF_AVG_USL_WK_WKD(1.0),Average usual weekly hours worked on the main job,I,USA,United States,HW,Hours worked,H_WK_PS,Hours per week per person,_T,Total,Y15T64,From 15 to 64 years,EMP,Employment,W,Weekly,USUAL,Usual,ICSE93_1,Employees,_T,Total,MEAN,Mean,_Z,Not applicable,MAIN,Main job,2017,,38.759,,A,Normal value,0,Units,1,One
DATAFLOW,OECD.ELS.SAE:DSD_HW@DF_AVG_USL_WK_WKD(1.0),Average usual weekly hours worked on the main job,I,USA,United States,HW,Hours worked,H_WK_PS,Hours per week per person,_T,Total,Y15T64,From 15 to 64 years,EMP,Employment,W,Weekly,USUAL,Usual,ICSE93_1,Employees,_T,Total,MEAN,Mean,_Z,Not applicable,MAIN,Main job,2018,,38.85,,A,Normal value,0,Units,1,One
DATAFLOW,OECD.ELS.SAE:DSD_HW@DF_AVG_USL_WK_WKD(1.0),Average usual weekly hours worked on the main job,I,USA,United States,HW,Hours worked,H_WK_PS,Hours per week per person,_T,Total,Y15T64,From 15 to 64 years,EMP,Employment,W,Weekly,USUAL,Usual,ICSE93_1,Employees,_T,Total,MEAN,Mean,_Z,Not applicable,MAIN,Main job,2019,,38.898,,A,Normal value,0,Units,1,One
DATAFLOW,OECD.ELS.SAE:DSD_HW@DF_AVG_USL_WK_WKD(1.0),Average usual weekly hours worked on the main job,I,USA,United States,HW,Hours worked,H_WK_PS,Hours per week per person,_T,Total,Y15T64,From 15 to 64 years,EMP,Employment,W,Weekly,USUAL,Usual,ICSE93_1,Employees,_T,Total,MEAN,Mean,_Z,Not applicable,MAIN,Main job,2020,,38.895,,A,Normal value,0,Units,1,One
DATAFLOW,OECD.ELS.SAE:DSD_HW@DF_AVG_USL_WK_WKD(1.0),Average usual weekly hours worked on the main job,I,USA,United States,HW,Hours worked,H_WK_PS,Hours per week per person,_T,Total,Y15T64,From 15 to 64 years,EMP,Employment,W,Weekly,USUAL,Usual,ICSE93_1,Employees,_T,Total,MEAN,Mean,_Z,Not applicable,MAIN,Main job,2021,,38.901,,A,Normal value,0,Units,1,One
DATAFLOW,OECD.ELS.SAE:DSD_HW@DF_AVG_USL_WK_WKD(1.0),Average usual weekly hours worked on the main job,I,USA,United States,HW,Hours worked,H_WK_PS,Hours per week per person,_T,Total,Y15T64,From 15 to 64 years,EMP,Employment,W,Weekly,USUAL,Usual,ICSE93_1,Employees,_T,Total,MEAN,Mean,_Z,Not applicable,MAIN,Main job,2023,,38.736,,A,Normal value,0,Units,1,One
DATAFLOW,OECD.ELS.SAE:DSD_HW@DF_AVG_USL_WK_WKD(1.0),Average usual weekly hours worked on the main job,I,USA,United States,HW,Hours worked,H_WK_PS,Hours per week per person,_T,Total,Y15T64,From 15 to 64 years,EMP,Employment,W,Weekly,USUAL,Usual,ICSE93_1,Employees,_T,Total,MEAN,Mean,_Z,Not applicable,MAIN,Main job,2024,,38.556,,A,Normal value,0,Units,1,One
DATAFLOW,OECD.ELS.SAE:DSD_HW@DF_AVG_USL_WK_WKD(1.0),Average usual weekly hours worked on the main job,I,USA,United States,HW,Hours worked,H_WK_PS,Hours per week per person,_T,Total,Y15T64,From 15 to 64 years,EMP,Employment,W,Weekly,USUAL,Usual,ICSE93_1,Employees,_T,Total,MEAN,Mean,_Z,Not applicable,MAIN,Main job,2025,,38.345,,A,Normal value,0,Units,1,One
DATAFLOW,OECD.ELS.SAE:DSD_HW@DF_AVG_USL_WK_WKD(1.0),Average usual weekly hours worked on the main job,I,DEU,Germany,HW,Hours worked,H_WK_PS,Hours per week per person,F,Female,Y15T64,From 15 to 64 years,EMP,Employment,W,Weekly,USUAL,Usual,ICSE93_1,Employees,_T,Total,MEAN,Mean,_Z,Not applicable,MAIN,Main job,2009,,30.238,,A,Normal value,0,Units,1,One
DATAFLOW,OECD.ELS.SAE:DSD_HW@DF_AVG_USL_WK_WKD(1.0),Average usual weekly hours worked on the main job,I,DEU,Germany,HW,Hours worked,H_WK_PS,Hours per week per person,F,Female,Y15T64,From 15 to 64 years,EMP,Employment,W,Weekly,USUAL,Usual,ICSE93_1,Employees,_T,Total,MEAN,Mean,_Z,Not applicable,MAIN,Main job,2010,,30.225,,A,Normal value,0,Units,1,One
DATAFLOW,OECD.ELS.SAE:DSD_HW@DF_AVG_USL_WK_WKD(1.0),Average usual weekly hours worked on the main job,I,DEU,Germany,HW,Hours worked,H_WK_PS,Hours per week per person,F,Female,Y15T64,From 15 to 64 years,EMP,Employment,W,Weekly,USUAL,Usual,ICSE93_1,Employees,_T,Total,MEAN,Mean,_Z,Not applicable,MAIN,Main job,2011,,30.197,,A,Normal value,0,Units,1,One
DATAFLOW,OECD.ELS.SAE:DSD_HW@DF_AVG_USL_WK_WKD(1.0),Average usual weekly hours worked on the main job,I,DEU,Germany,HW,Hours worked,H_WK_PS,Hours per week per person,F,Female,Y15T64,From 15 to 64 years,EMP,Employment,W,Weekly,USUAL,Usual,ICSE93_1,Employees,_T,Total,MEAN,Mean,_Z,Not applicable,MAIN,Main job,2012,,30.312,,A,Normal value,0,Units,1,One
DATAFLOW,OECD.ELS.SAE:DSD_HW@DF_AVG_USL_WK_WKD(1.0),Average usual weekly hours worked on the main job,I,DEU,Germany,HW,Hours worked,H_WK_PS,Hours per week per person,F,Female,Y15T64,From 15 to 64 years,EMP,Employment,W,Weekly,USUAL,Usual,ICSE93_1,Employees,_T,Total,MEAN,Mean,_Z,Not applicable,MAIN,Main job,2013,,30.241,,A,Normal value,0,Units,1,One
DATAFLOW,OECD.ELS.SAE:DSD_HW@DF_AVG_USL_WK_WKD(1.0),Average usual weekly hours worked on the main job,I,DEU,Germany,HW,Hours worked,H_WK_PS,Hours per week per person,F,Female,Y15T64,From 15 to 64 years,EMP,Employment,W,Weekly,USUAL,Usual,ICSE93_1,Employees,_T,Total,MEAN,Mean,_Z,Not applicable,MAIN,Main job,2014,,30.416,,A,Normal value,0,Units,1,One
DATAFLOW,OECD.ELS.SAE:DSD_HW@DF_AVG_USL_WK_WKD(1.0),Average usual weekly hours worked on the main job,I,DEU,Germany,HW,Hours worked,H_WK_PS,Hours per week per person,F,Female,Y15T64,From 15 to 64 years,EMP,Employment,W,Weekly,USUAL,Usual,ICSE93_1,Employees,_T,Total,MEAN,Mean,_Z,Not applicable,MAIN,Main job,2015,,30.396,,A,Normal value,0,Units,1,One
DATAFLOW,OECD.ELS.SAE:DSD_HW@DF_AVG_USL_WK_WKD(1.0),Average usual weekly hours worked on the main job,I,DEU,Germany,HW,Hours worked,H_WK_PS,Hours per week per person,F,Female,Y15T64,From 15 to 64 years,EMP,Employment,W,Weekly,USUAL,Usual,ICSE93_1,Employees,_T,Total,MEAN,Mean,_Z,Not applicable,MAIN,Main job,2016,,30.52,,A,Normal value,0,Units,1,One
DATAFLOW,OECD.ELS.SAE:DSD_HW@DF_AVG_USL_WK_WKD(1.0),Average usual weekly hours worked on the main job,I,DEU,Germany,HW,Hours worked,H_WK_PS,Hours per week per person,F,Female,Y15T64,From 15 to 64 years,EMP,Employment,W,Weekly,USUAL,Usual,ICSE93_1,Employees,_T,Total,MEAN,Mean,_Z,Not applicable,MAIN,Main job,2017,,30.498,,A,Normal value,0,Units,1,One
DATAFLOW,OECD.ELS.SAE:DSD_HW@DF_AVG_USL_WK_WKD(1.0),Average usual weekly hours worked on the main job,I,DEU,Germany,HW,Hours worked,H_WK_PS,Hours per week per person,F,Female,Y15T64,From 15 to 64 years,EMP,Employment,W,Weekly,USUAL,Usual,ICSE93_1,Employees,_T,Total,MEAN,Mean,_Z,Not applicable,MAIN,Main job,2018,,30.613,,A,Normal value,0,Units,1,One
DATAFLOW,OECD.ELS.SAE:DSD_HW@DF_AVG_USL_WK_WKD(1.0),Average usual weekly hours worked on the main job,I,DEU,Germany,HW,Hours worked,H_WK_PS,Hours per week per person,F,Female,Y15T64,From 15 to 64 years,EMP,Employment,W,Weekly,USUAL,Usual,ICSE93_1,Employees,_T,Total,MEAN,Mean,_Z,Not applicable,MAIN,Main job,2019,,30.616,,A,Normal value,0,Units,1,One
DATAFLOW,OECD.ELS.SAE:DSD_HW@DF_AVG_USL_WK_WKD(1.0),Average usual weekly hours worked on the main job,I,DEU,Germany,HW,Hours worked,H_WK_PS,Hours per week per person,F,Female,Y15T64,From 15 to 64 years,EMP,Employment,W,Weekly,USUAL,Usual,ICSE93_1,Employees,_T,Total,MEAN,Mean,_Z,Not applicable,MAIN,Main job,2021,,30.994,,A,Normal value,0,Units,1,One
DATAFLOW,OECD.ELS.SAE:DSD_HW@DF_AVG_USL_WK_WKD(1.0),Average usual weekly hours worked on the main job,I,DEU,Germany,HW,Hours worked,H_WK_PS,Hours per week per person,F,Female,Y15T64,From 15 to 64 years,EMP,Employment,W,Weekly,USUAL,Usual,ICSE93_1,Employees,_T,Total,MEAN,Mean,_Z,Not applicable,MAIN,Main job,2022,,30.982,,A,Normal value,0,Units,1,One
DATAFLOW,OECD.ELS.SAE:DSD_HW@DF_AVG_USL_WK_WKD(1.0),Average usual weekly hours worked on the main job,I,DEU,Germany,HW,Hours worked,H_WK_PS,Hours per week per person,F,Female,Y15T64,From 15 to 64 years,EMP,Employment,W,Weekly,USUAL,Usual,ICSE93_1,Employees,_T,Total,MEAN,Mean,_Z,Not applicable,MAIN,Main job,2023,,30.845,,A,Normal value,0,Units,1,One
DATAFLOW,OECD.ELS.SAE:DSD_HW@DF_AVG_USL_WK_WKD(1.0),Average usual weekly hours worked on the main job,I,DEU,Germany,HW,Hours worked,H_WK_PS,Hours per week per person,F,Female,Y15T64,From 15 to 64 years,EMP,Employment,W,Weekly,USUAL,Usual,ICSE93_1,Employees,_T,Total,MEAN,Mean,_Z,Not applicable,MAIN,Main job,2024,,30.844,,A,Normal value,0,Units,1,One
DATAFLOW,OECD.ELS.SAE:DSD_HW@DF_AVG_USL_WK_WKD(1.0),Average usual weekly hours worked on the main job,I,DEU,Germany,HW,Hours worked,H_WK_PS,Hours per week per person,F,Female,Y15T64,From 15 to 64 years,EMP,Employment,W,Weekly,USUAL,Usual,ICSE93_1,Employees,_T,Total,MEAN,Mean,_Z,Not applicable,MAIN,Main job,2025,,30.873,,A,Normal value,0,Units,1,One
DATAFLOW,OECD.ELS.SAE:DSD_HW@DF_AVG_USL_WK_WKD(1.0),Average usual weekly hours worked on the main job,I,USA,United States,HW,Hours worked,H_WK_PS,Hours per week per person,F,Female,Y15T64,From 15 to 64 years,EMP,Employment,W,Weekly,USUAL,Usual,ICSE93_1,Employees,_T,Total,MEAN,Mean,_Z,Not applicable,MAIN,Main job,2010,,36.129,,A,Normal value,0,Units,1,One
DATAFLOW,OECD.ELS.SAE:DSD_HW@DF_AVG_USL_WK_WKD(1.0),Average usual weekly hours worked on the main job,I,USA,United States,HW,Hours worked,H_WK_PS,Hours per week per person,F,Female,Y15T64,From 15 to 64 years,EMP,Employment,W,Weekly,USUAL,Usual,ICSE93_1,Employees,_T,Total,MEAN,Mean,_Z,Not applicable,MAIN,Main job,2011,,36.178,,A,Normal value,0,Units,1,One
DATAFLOW,OECD.ELS.SAE:DSD_HW@DF_AVG_USL_WK_WKD(1.0),Average usual weekly hours worked on the main job,I,USA,United States,HW,Hours worked,H_WK_PS,Hours per week per person,F,Female,Y15T64,From 15 to 64 years,EMP,Employment,W,Weekly,USUAL,Usual,ICSE93_1,Employees,_T,Total,MEAN,Mean,_Z,Not applicable,MAIN,Main job,2012,,36.232,,A,Normal value,0,Units,1,One
DATAFLOW,OECD.ELS.SAE:DSD_HW@DF_AVG_USL_WK_WKD(1.0),Average usual weekly hours worked on the main job,I,USA,United States,HW,Hours worked,H_WK_PS,Hours per week per person,F,Female,Y15T64,From 15 to 64 years,EMP,Employment,W,Weekly,USUAL,Usual,ICSE93_1,Employees,_T,Total,MEAN,Mean,_Z,Not applicable,MAIN,Main job,2013,,36.431,,A,Normal value,0,Units,1,One
DATAFLOW,OECD.ELS.SAE:DSD_HW@DF_AVG_USL_WK_WKD(1.0),Average usual weekly hours worked on the main job,I,USA,United States,HW,Hours worked,H_WK_PS,Hours per week per person,F,Female,Y15T64,From 15 to 64 years,EMP,Employment,W,Weekly,USUAL,Usual,ICSE93_1,Employees,_T,Total,MEAN,Mean,_Z,Not applicable,MAIN,Main job,2014,,36.45,,A,Normal value,0,Units,1,One
DATAFLOW,OECD.ELS.SAE:DSD_HW@DF_AVG_USL_WK_WKD(1.0),Average usual weekly hours worked on the main job,I,USA,United States,HW,Hours worked,H_WK_PS,Hours per week per person,F,Female,Y15T64,From 15 to 64 years,EMP,Employment,W,Weekly,USUAL,Usual,ICSE93_1,Employees,_T,Total,MEAN,Mean,_Z,Not applicable,MAIN,Main job,2015,,36.554,,A,Normal value,0,Units,1,One
DATAFLOW,OECD.ELS.SAE:DSD_HW@DF_AVG_USL_WK_WKD(1.0),Average usual weekly hours worked on the main job,I,USA,United States,HW,Hours worked,H_WK_PS,Hours per week per person,F,Female,Y15T64,From 15 to 64 years,EMP,Employment,W,Weekly,USUAL,Usual,ICSE93_1,Employees,_T,Total,MEAN,Mean,_Z,Not applicable,MAIN,Main job,2016,,36.583,,A,Normal value,0,Units,1,One
DATAFLOW,OECD.ELS.SAE:DSD_HW@DF_AVG_USL_WK_WKD(1.0),Average usual weekly hours worked on the main job,I,USA,United States,HW,Hours worked,H_WK_PS,Hours per week per person,F,Female,Y15T64,From 15 to 64 years,EMP,Employment,W,Weekly,USUAL,Usual,ICSE93_1,Employees,_T,Total,MEAN,Mean,_Z,Not applicable,MAIN,Main job,2017,,36.699,,A,Normal value,0,Units,1,One
DATAFLOW,OECD.ELS.SAE:DSD_HW@DF_AVG_USL_WK_WKD(1.0),Average usual weekly hours worked on the main job,I,USA,United States,HW,Hours worked,H_WK_PS,Hours per week per person,F,Female,Y15T64,From 15 to 64 years,EMP,Employment,W,Weekly,USUAL,Usual,ICSE93_1,Employees,_T,Total,MEAN,Mean,_Z,Not applicable,MAIN,Main job,2018,,36.835,,A,Normal value,0,Units,1,One
DATAFLOW,OECD.ELS.SAE:DSD_HW@DF_AVG_USL_WK_WKD(1.0),Average usual weekly hours worked on the main job,I,USA,United States,HW,Hours worked,H_WK_PS,Hours per week per person,F,Female,Y15T64,From 15 to 64 years,EMP,Employment,W,Weekly,USUAL,Usual,ICSE93_1,Employees,_T,Total,MEAN,Mean,_Z,Not applicable,MAIN,Main job,2019,,36.943,,A,Normal value,0,Units,1,One
DATAFLOW,OECD.ELS.SAE:DSD_HW@DF_AVG_USL_WK_WKD(1.0),Average usual weekly hours worked on the main job,I,USA,United States,HW,Hours worked,H_WK_PS,Hours per week per person,F,Female,Y15T64,From 15 to 64 years,EMP,Employment,W,Weekly,USUAL,Usual,ICSE93_1,Employees,_T,Total,MEAN,Mean,_Z,Not applicable,MAIN,Main job,2020,,37.125,,A,Normal value,0,Units,1,One
DATAFLOW,OECD.ELS.SAE:DSD_HW@DF_AVG_USL_WK_WKD(1.0),Average usual weekly hours worked on the main job,I,USA,United States,HW,Hours worked,H_WK_PS,Hours per week per person,F,Female,Y15T64,From 15 to 64 years,EMP,Employment,W,Weekly,USUAL,Usual,ICSE93_1,Employees,_T,Total,MEAN,Mean,_Z,Not applicable,MAIN,Main job,2021,,37.17,,A,Normal value,0,Units,1,One
DATAFLOW,OECD.ELS.SAE:DSD_HW@DF_AVG_USL_WK_WKD(1.0),Average usual weekly hours worked on the main job,I,USA,United States,HW,Hours worked,H_WK_PS,Hours per week per person,F,Female,Y15T64,From 15 to 64 years,EMP,Employment,W,Weekly,USUAL,Usual,ICSE93_1,Employees,_T,Total,MEAN,Mean,_Z,Not applicable,MAIN,Main job,2023,,36.999,,A,Normal value,0,Units,1,One
DATAFLOW,OECD.ELS.SAE:DSD_HW@DF_AVG_USL_WK_WKD(1.0),Average usual weekly hours worked on the main job,I,USA,United States,HW,Hours worked,H_WK_PS,Hours per week per person,F,Female,Y15T64,From 15 to 64 years,EMP,Employment,W,Weekly,USUAL,Usual,ICSE93_1,Employees,_T,Total,MEAN,Mean,_Z,Not applicable,MAIN,Main job,2024,,36.837,,A,Normal value,0,Units,1,One
DATAFLOW,OECD.ELS.SAE:DSD_HW@DF_AVG_USL_WK_WKD(1.0),Average usual weekly hours worked on the main job,I,USA,United States,HW,Hours worked,H_WK_PS,Hours per week per person,F,Female,Y15T64,From 15 to 64 years,EMP,Employment,W,Weekly,USUAL,Usual,ICSE93_1,Employees,_T,Total,MEAN,Mean,_Z,Not applicable,MAIN,Main job,2025,,36.486,,A,Normal value,0,Units,1,One
DATAFLOW,OECD.ELS.SAE:DSD_HW@DF_AVG_USL_WK_WKD(1.0),Average usual weekly hours worked on the main job,I,DEU,Germany,HW,Hours worked,H_WK_PS,Hours per week per person,M,Male,Y15T64,From 15 to 64 years,EMP,Employment,W,Weekly,USUAL,Usual,ICSE93_1,Employees,_T,Total,MEAN,Mean,_Z,Not applicable,MAIN,Main job,2009,,38.961,,A,Normal value,0,Units,1,One
DATAFLOW,OECD.ELS.SAE:DSD_HW@DF_AVG_USL_WK_WKD(1.0),Average usual weekly hours worked on the main job,I,DEU,Germany,HW,Hours worked,H_WK_PS,Hours per week per person,M,Male,Y15T64,From 15 to 64 years,EMP,Employment,W,Weekly,USUAL,Usual,ICSE93_1,Employees,_T,Total,MEAN,Mean,_Z,Not applicable,MAIN,Main job,2010,,39.011,,A,Normal value,0,Units,1,One
DATAFLOW,OECD.ELS.SAE:DSD_HW@DF_AVG_USL_WK_WKD(1.0),Average usual weekly hours worked on the main job,I,DEU,Germany,HW,Hours worked,H_WK_PS,Hours per week per person,M,Male,Y15T64,From 15 to 64 years,EMP,Employment,W,Weekly,USUAL,Usual,ICSE93_1,Employees,_T,Total,MEAN,Mean,_Z,Not applicable,MAIN,Main job,2011,,39.004,,A,Normal value,0,Units,1,One
DATAFLOW,OECD.ELS.SAE:DSD_HW@DF_AVG_USL_WK_WKD(1.0),Average usual weekly hours worked on the main job,I,DEU,Germany,HW,Hours worked,H_WK_PS,Hours per week per person,M,Male,Y15T64,From 15 to 64 years,EMP,Employment,W,Weekly,USUAL,Usual,ICSE93_1,Employees,_T,Total,MEAN,Mean,_Z,Not applicable,MAIN,Main job,2012,,39.046,,A,Normal value,0,Units,1,One
DATAFLOW,OECD.ELS.SAE:DSD_HW@DF_AVG_USL_WK_WKD(1.0),Average usual weekly hours worked on the main job,I,DEU,Germany,HW,Hours worked,H_WK_PS,Hours per week per person,M,Male,Y15T64,From 15 to 64 years,EMP,Employment,W,Weekly,USUAL,Usual,ICSE93_1,Employees,_T,Total,MEAN,Mean,_Z,Not applicable,MAIN,Main job,2013,,38.825,,A,Normal value,0,Units,1,One
DATAFLOW,OECD.ELS.SAE:DSD_HW@DF_AVG_USL_WK_WKD(1.0),Average usual weekly hours worked on the main job,I,DEU,Germany,HW,Hours worked,H_WK_PS,Hours per week per person,M,Male,Y15T64,From 15 to 64 years,EMP,Employment,W,Weekly,USUAL,Usual,ICSE93_1,Employees,_T,Total,MEAN,Mean,_Z,Not applicable,MAIN,Main job,2014,,38.766,,A,Normal value,0,Units,1,One
DATAFLOW,OECD.ELS.SAE:DSD_HW@DF_AVG_USL_WK_WKD(1.0),Average usual weekly hours worked on the main job,I,DEU,Germany,HW,Hours worked,H_WK_PS,Hours per week per person,M,Male,Y15T64,From 15 to 64 years,EMP,Employment,W,Weekly,USUAL,Usual,ICSE93_1,Employees,_T,Total,MEAN,Mean,_Z,Not applicable,MAIN,Main job,2015,,38.712,,A,Normal value,0,Units,1,One
DATAFLOW,OECD.ELS.SAE:DSD_HW@DF_AVG_USL_WK_WKD(1.0),Average usual weekly hours worked on the main job,I,DEU,Germany,HW,Hours worked,H_WK_PS,Hours per week per person,M,Male,Y15T64,From 15 to 64 years,EMP,Employment,W,Weekly,USUAL,Usual,ICSE93_1,Employees,_T,Total,MEAN,Mean,_Z,Not applicable,MAIN,Main job,2016,,38.657,,A,Normal value,0,Units,1,One
DATAFLOW,OECD.ELS.SAE:DSD_HW@DF_AVG_USL_WK_WKD(1.0),Average usual weekly hours worked on the main job,I,DEU,Germany,HW,Hours worked,H_WK_PS,Hours per week per person,M,Male,Y15T64,From 15 to 64 years,EMP,Employment,W,Weekly,USUAL,Usual,ICSE93_1,Employees,_T,Total,MEAN,Mean,_Z,Not applicable,MAIN,Main job,2017,,38.493,,A,Normal value,0,Units,1,One
DATAFLOW,OECD.ELS.SAE:DSD_HW@DF_AVG_USL_WK_WKD(1.0),Average usual weekly hours worked on the main job,I,DEU,Germany,HW,Hours worked,H_WK_PS,Hours per week per person,M,Male,Y15T64,From 15 to 64 years,EMP,Employment,W,Weekly,USUAL,Usual,ICSE93_1,Employees,_T,Total,MEAN,Mean,_Z,Not applicable,MAIN,Main job,2018,,38.405,,A,Normal value,0,Units,1,One
DATAFLOW,OECD.ELS.SAE:DSD_HW@DF_AVG_USL_WK_WKD(1.0),Average usual weekly hours worked on the main job,I,DEU,Germany,HW,Hours worked,H_WK_PS,Hours per week per person,M,Male,Y15T64,From 15 to 64 years,EMP,Employment,W,Weekly,USUAL,Usual,ICSE93_1,Employees,_T,Total,MEAN,Mean,_Z,Not applicable,MAIN,Main job,2019,,38.343,,A,Normal value,0,Units,1,One
DATAFLOW,OECD.ELS.SAE:DSD_HW@DF_AVG_USL_WK_WKD(1.0),Average usual weekly hours worked on the main job,I,DEU,Germany,HW,Hours worked,H_WK_PS,Hours per week per person,M,Male,Y15T64,From 15 to 64 years,EMP,Employment,W,Weekly,USUAL,Usual,ICSE93_1,Employees,_T,Total,MEAN,Mean,_Z,Not applicable,MAIN,Main job,2021,,38.337,,A,Normal value,0,Units,1,One
DATAFLOW,OECD.ELS.SAE:DSD_HW@DF_AVG_USL_WK_WKD(1.0),Average usual weekly hours worked on the main job,I,DEU,Germany,HW,Hours worked,H_WK_PS,Hours per week per person,M,Male,Y15T64,From 15 to 64 years,EMP,Employment,W,Weekly,USUAL,Usual,ICSE93_1,Employees,_T,Total,MEAN,Mean,_Z,Not applicable,MAIN,Main job,2022,,38.215,,A,Normal value,0,Units,1,One
DATAFLOW,OECD.ELS.SAE:DSD_HW@DF_AVG_USL_WK_WKD(1.0),Average usual weekly hours worked on the main job,I,DEU,Germany,HW,Hours worked,H_WK_PS,Hours per week per person,M,Male,Y15T64,From 15 to 64 years,EMP,Employment,W,Weekly,USUAL,Usual,ICSE93_1,Employees,_T,Total,MEAN,Mean,_Z,Not applicable,MAIN,Main job,2023,,37.911,,A,Normal value,0,Units,1,One
DATAFLOW,OECD.ELS.SAE:DSD_HW@DF_AVG_USL_WK_WKD(1.0),Average usual weekly hours worked on the main job,I,DEU,Germany,HW,Hours worked,H_WK_PS,Hours per week per person,M,Male,Y15T64,From 15 to 64 years,EMP,Employment,W,Weekly,USUAL,Usual,ICSE93_1,Employees,_T,Total,MEAN,Mean,_Z,Not applicable,MAIN,Main job,2024,,37.813,,A,Normal value,0,Units,1,One
DATAFLOW,OECD.ELS.SAE:DSD_HW@DF_AVG_USL_WK_WKD(1.0),Average usual weekly hours worked on the main job,I,DEU,Germany,HW,Hours worked,H_WK_PS,Hours per week per person,M,Male,Y15T64,From 15 to 64 years,EMP,Employment,W,Weekly,USUAL,Usual,ICSE93_1,Employees,_T,Total,MEAN,Mean,_Z,Not applicable,MAIN,Main job,2025,,37.759,,A,Normal value,0,Units,1,One
DATAFLOW,OECD.ELS.SAE:DSD_HW@DF_AVG_USL_WK_WKD(1.0),Average usual weekly hours worked on the main job,I,USA,United States,HW,Hours worked,H_WK_PS,Hours per week per person,M,Male,Y15T64,From 15 to 64 years,EMP,Employment,W,Weekly,USUAL,Usual,ICSE93_1,Employees,_T,Total,MEAN,Mean,_Z,Not applicable,MAIN,Main job,2010,,40.401,,A,Normal value,0,Units,1,One
DATAFLOW,OECD.ELS.SAE:DSD_HW@DF_AVG_USL_WK_WKD(1.0),Average usual weekly hours worked on the main job,I,USA,United States,HW,Hours worked,H_WK_PS,Hours per week per person,M,Male,Y15T64,From 15 to 64 years,EMP,Employment,W,Weekly,USUAL,Usual,ICSE93_1,Employees,_T,Total,MEAN,Mean,_Z,Not applicable,MAIN,Main job,2011,,40.428,,A,Normal value,0,Units,1,One
DATAFLOW,OECD.ELS.SAE:DSD_HW@DF_AVG_USL_WK_WKD(1.0),Average usual weekly hours worked on the main job,I,USA,United States,HW,Hours worked,H_WK_PS,Hours per week per person,M,Male,Y15T64,From 15 to 64 years,EMP,Employment,W,Weekly,USUAL,Usual,ICSE93_1,Employees,_T,Total,MEAN,Mean,_Z,Not applicable,MAIN,Main job,2012,,40.595,,A,Normal value,0,Units,1,One
DATAFLOW,OECD.ELS.SAE:DSD_HW@DF_AVG_USL_WK_WKD(1.0),Average usual weekly hours worked on the main job,I,USA,United States,HW,Hours worked,H_WK_PS,Hours per week per person,M,Male,Y15T64,From 15 to 64 years,EMP,Employment,W,Weekly,USUAL,Usual,ICSE93_1,Employees,_T,Total,MEAN,Mean,_Z,Not applicable,MAIN,Main job,2013,,40.531,,A,Normal value,0,Units,1,One
DATAFLOW,OECD.ELS.SAE:DSD_HW@DF_AVG_USL_WK_WKD(1.0),Average usual weekly hours worked on the main job,I,USA,United States,HW,Hours worked,H_WK_PS,Hours per week per person,M,Male,Y15T64,From 15 to 64 years,EMP,Employment,W,Weekly,USUAL,Usual,ICSE93_1,Employees,_T,Total,MEAN,Mean,_Z,Not applicable,MAIN,Main job,2014,,40.741,,A,Normal value,0,Units,1,One
DATAFLOW,OECD.ELS.SAE:DSD_HW@DF_AVG_USL_WK_WKD(1.0),Average usual weekly hours worked on the main job,I,USA,United States,HW,Hours worked,H_WK_PS,Hours per week per person,M,Male,Y15T64,From 15 to 64 years,EMP,Employment,W,Weekly,USUAL,Usual,ICSE93_1,Employees,_T,Total,MEAN,Mean,_Z,Not applicable,MAIN,Main job,2015,,40.685,,A,Normal value,0,Units,1,One
DATAFLOW,OECD.ELS.SAE:DSD_HW@DF_AVG_USL_WK_WKD(1.0),Average usual weekly hours worked on the main job,I,USA,United States,HW,Hours worked,H_WK_PS,Hours per week per person,M,Male,Y15T64,From 15 to 64 years,EMP,Employment,W,Weekly,USUAL,Usual,ICSE93_1,Employees,_T,Total,MEAN,Mean,_Z,Not applicable,MAIN,Main job,2016,,40.644,,A,Normal value,0,Units,1,One
DATAFLOW,OECD.ELS.SAE:DSD_HW@DF_AVG_USL_WK_WKD(1.0),Average usual weekly hours worked on the main job,I,USA,United States,HW,Hours worked,H_WK_PS,Hours per week per person,M,Male,Y15T64,From 15 to 64 years,EMP,Employment,W,Weekly,USUAL,Usual,ICSE93_1,Employees,_T,Total,MEAN,Mean,_Z,Not applicable,MAIN,Main job,2017,,40.67,,A,Normal value,0,Units,1,One
DATAFLOW,OECD.ELS.SAE:DSD_HW@DF_AVG_USL_WK_WKD(1.0),Average usual weekly hours worked on the main job,I,USA,United States,HW,Hours worked,H_WK_PS,Hours per week per person,M,Male,Y15T64,From 15 to 64 years,EMP,Employment,W,Weekly,USUAL,Usual,ICSE93_1,Employees,_T,Total,MEAN,Mean,_Z,Not applicable,MAIN,Main job,2018,,40.718,,A,Normal value,0,Units,1,One
DATAFLOW,OECD.ELS.SAE:DSD_HW@DF_AVG_USL_WK_WKD(1.0),Average usual weekly hours worked on the main job,I,USA,United States,HW,Hours worked,H_WK_PS,Hours per week per person,M,Male,Y15T64,From 15 to 64 years,EMP,Employment,W,Weekly,USUAL,Usual,ICSE93_1,Employees,_T,Total,MEAN,Mean,_Z,Not applicable,MAIN,Main job,2019,,40.72,,A,Normal value,0,Units,1,One
DATAFLOW,OECD.ELS.SAE:DSD_HW@DF_AVG_USL_WK_WKD(1.0),Average usual weekly hours worked on the main job,I,USA,United States,HW,Hours worked,H_WK_PS,Hours per week per person,M,Male,Y15T64,From 15 to 64 years,EMP,Employment,W,Weekly,USUAL,Usual,ICSE93_1,Employees,_T,Total,MEAN,Mean,_Z,Not applicable,MAIN,Main job,2020,,40.531,,A,Normal value,0,Units,1,One
DATAFLOW,OECD.ELS.SAE:DSD_HW@DF_AVG_USL_WK_WKD(1.0),Average usual weekly hours worked on the main job,I,USA,United States,HW,Hours worked,H_WK_PS,Hours per week per person,M,Male,Y15T64,From 15 to 64 years,EMP,Employment,W,Weekly,USUAL,Usual,ICSE93_1,Employees,_T,Total,MEAN,Mean,_Z,Not applicable,MAIN,Main job,2021,,40.51,,A,Normal value,0,Units,1,One
DATAFLOW,OECD.ELS.SAE:DSD_HW@DF_AVG_USL_WK_WKD(1.0),Average usual weekly hours worked on the main job,I,USA,United States,HW,Hours worked,H_WK_PS,Hours per week per person,M,Male,Y15T64,From 15 to 64 years,EMP,Employment,W,Weekly,USUAL,Usual,ICSE93_1,Employees,_T,Total,MEAN,Mean,_Z,Not applicable,MAIN,Main job,2023,,40.339,,A,Normal value,0,Units,1,One
DATAFLOW,OECD.ELS.SAE:DSD_HW@DF_AVG_USL_WK_WKD(1.0),Average usual weekly hours worked on the main job,I,USA,United States,HW,Hours worked,H_WK_PS,Hours per week per person,M,Male,Y15T64,From 15 to 64 years,EMP,Employment,W,Weekly,USUAL,Usual,ICSE93_1,Employees,_T,Total,MEAN,Mean,_Z,Not applicable,MAIN,Main job,2024,,40.155,,A,Normal value,0,Units,1,One
DATAFLOW,OECD.ELS.SAE:DSD_HW@DF_AVG_USL_WK_WKD(1.0),Average usual weekly hours worked on the main job,I,USA,United States,HW,Hours worked,H_WK_PS,Hours per week per person,M,Male,Y15T64,From 15 to 64 years,EMP,Employment,W,Weekly,USUAL,Usual,ICSE93_1,Employees,_T,Total,MEAN,Mean,_Z,Not applicable,MAIN,Main job,2025,,40.066,,A,Normal value,0,Units,1,One
