STRUCTURE,STRUCTURE_ID,STRUCTURE_NAME,ACTION,REF_AREA,Reference area,FREQ,Frequency of observation,MEASURE,Measure,ACTIVITY,Economic activity,UNIT_MEASURE,Unit of measure,PRICE_BASE,Price base,TRANSFORMATION,Transformation,ASSET_CODE,Asset type,CONVERSION_TYPE,Conversion type,TIME_PERIOD,Time period,OBS_VALUE,Observation value,OBS_STATUS,Observation status,UNIT_MULT,Unit multiplier,BASE_PER,Base period,DECIMALS,Decimals
DATAFLOW,OECD.SDD.TPS:DSD_PDB@DF_PDB(2.0),Productivity database,I,USA,United States,A,Annual,GDPHRS,GDP per hour worked,_T,Total - all activities,USD_PPP_H,"US dollars per hour, PPP converted",LR,Chain linked volume (rebased),N,Non transformed data,_Z,Not applicable,PPP,PPP converted,2012,,71.46617232541249,,A,Normal value,0,Units,2020,,2,Two
DATAFLOW,OECD.SDD.TPS:DSD_PDB@DF_PDB(2.0),Productivity database,I,DEU,Germany,A,Annual,GDPHRS,GDP per hour worked,_T,Total - all activities,USD_PPP_H,"US dollars per hour, PPP converted",LR,Chain linked volume (rebased),N,Non transformed data,_Z,Not applicable,PPP,PPP converted,2007,,75.10936102755076,,A,Normal value,0,Units,2020,,2,Two
DATAFLOW,OECD.SDD.TPS:DSD_PDB@DF_PDB(2.0),Productivity database,I,DEU,Germany,A,Annual,GDPHRS,GDP per hour worked,_T,Total - all activities,USD_PPP_H,"US dollars per hour, PPP converted",LR,Chain linked volume (rebased),N,Non transformed data,_Z,Not applicable,PPP,PPP converted,2006,,74.31408067634331,,A,Normal value,0,Units,2020,,2,Two
DATAFLOW,OECD.SDD.TPS:DSD_PDB@DF_PDB(2.0),Productivity database,I,USA,United States,A,Annual,GDPHRS,GDP per hour worked,_T,Total - all activities,USD_PPP_H,"US dollars per hour, PPP converted",LR,Chain linked volume (rebased),N,Non transformed data,_Z,Not applicable,PPP,PPP converted,2013,,71.79887931400513,,A,Normal value,0,Units,2020,,2,Two
DATAFLOW,OECD.SDD.TPS:DSD_PDB@DF_PDB(2.0),Productivity database,I,USA,United States,A,Annual,GDPHRS,GDP per hour worked,_T,Total - all activities,USD_PPP_H,"US dollars per hour, PPP converted",LR,Chain linked volume (rebased),N,Non transformed data,_Z,Not applicable,PPP,PPP converted,2014,,72.35346735812777,,A,Normal value,0,Units,2020,,2,Two
DATAFLOW,OECD.SDD.TPS:DSD_PDB@DF_PDB(2.0),Productivity database,I,USA,United States,A,Annual,GDPHRS,GDP per hour worked,_T,Total - all activities,USD_PPP_H,"US dollars per hour, PPP converted",LR,Chain linked volume (rebased),N,Non transformed data,_Z,Not applicable,PPP,PPP converted,2015,,73.19851169166591,,A,Normal value,0,Units,2020,,2,Two
DATAFLOW,OECD.SDD.TPS:DSD_PDB@DF_PDB(2.0),Productivity database,I,USA,United States,A,Annual,GDPHRS,GDP per hour worked,_T,Total - all activities,USD_PPP_H,"US dollars per hour, PPP converted",LR,Chain linked volume (rebased),N,Non transformed data,_Z,Not applicable,PPP,PPP converted,2016,,73.6846854784062,,A,Normal value,0,Units,2020,,2,Two
DATAFLOW,OECD.SDD.TPS:DSD_PDB@DF_PDB(2.0),Productivity database,I,USA,United States,A,Annual,GDPHRS,GDP per hour worked,_T,Total - all activities,USD_PPP_H,"US dollars per hour, PPP converted",LR,Chain linked volume (rebased),N,Non transformed data,_Z,Not applicable,PPP,PPP converted,1999,,55.40549376691621,,A,Normal value,0,Units,2020,,2,Two
DATAFLOW,OECD.SDD.TPS:DSD_PDB@DF_PDB(2.0),Productivity database,I,USA,United States,A,Annual,GDPHRS,GDP per hour worked,_T,Total - all activities,USD_PPP_H,"US dollars per hour, PPP converted",LR,Chain linked volume (rebased),N,Non transformed data,_Z,Not applicable,PPP,PPP converted,2000,,56.8504114124619,,A,Normal value,0,Units,2020,,2,Two
DATAFLOW,OECD.SDD.TPS:DSD_PDB@DF_PDB(2.0),Productivity database,I,USA,United States,A,Annual,GDPHRS,GDP per hour worked,_T,Total - all activities,USD_PPP_H,"US dollars per hour, PPP converted",LR,Chain linked volume (rebased),N,Non transformed data,_Z,Not applicable,PPP,PPP converted,2001,,58.21914399133466,,A,Normal value,0,Units,2020,,2,Two
DATAFLOW,OECD.SDD.TPS:DSD_PDB@DF_PDB(2.0),Productivity database,I,USA,United States,A,Annual,GDPHRS,GDP per hour worked,_T,Total - all activities,USD_PPP_H,"US dollars per hour, PPP converted",LR,Chain linked volume (rebased),N,Non transformed data,_Z,Not applicable,PPP,PPP converted,2002,,59.99792776000466,,A,Normal value,0,Units,2020,,2,Two
DATAFLOW,OECD.SDD.TPS:DSD_PDB@DF_PDB(2.0),Productivity database,I,USA,United States,A,Annual,GDPHRS,GDP per hour worked,_T,Total - all activities,USD_PPP_H,"US dollars per hour, PPP converted",LR,Chain linked volume (rebased),N,Non transformed data,_Z,Not applicable,PPP,PPP converted,2003,,61.996445115484114,,A,Normal value,0,Units,2020,,2,Two
DATAFLOW,OECD.SDD.TPS:DSD_PDB@DF_PDB(2.0),Productivity database,I,USA,United States,A,Annual,GDPHRS,GDP per hour worked,_T,Total - all activities,USD_PPP_H,"US dollars per hour, PPP converted",LR,Chain linked volume (rebased),N,Non transformed data,_Z,Not applicable,PPP,PPP converted,2004,,63.54378822840639,,A,Normal value,0,Units,2020,,2,Two
DATAFLOW,OECD.SDD.TPS:DSD_PDB@DF_PDB(2.0),Productivity database,I,USA,United States,A,Annual,GDPHRS,GDP per hour worked,_T,Total - all activities,USD_PPP_H,"US dollars per hour, PPP converted",LR,Chain linked volume (rebased),N,Non transformed data,_Z,Not applicable,PPP,PPP converted,2005,,64.82301170051905,,A,Normal value,0,Units,2020,,2,Two
DATAFLOW,OECD.SDD.TPS:DSD_PDB@DF_PDB(2.0),Productivity database,I,USA,United States,A,Annual,GDPHRS,GDP per hour worked,_T,Total - all activities,USD_PPP_H,"US dollars per hour, PPP converted",LR,Chain linked volume (rebased),N,Non transformed data,_Z,Not applicable,PPP,PPP converted,2006,,65.49329217820618,,A,Normal value,0,Units,2020,,2,Two
DATAFLOW,OECD.SDD.TPS:DSD_PDB@DF_PDB(2.0),Productivity database,I,USA,United States,A,Annual,GDPHRS,GDP per hour worked,_T,Total - all activities,USD_PPP_H,"US dollars per hour, PPP converted",LR,Chain linked volume (rebased),N,Non transformed data,_Z,Not applicable,PPP,PPP converted,2007,,66.14358889328253,,A,Normal value,0,Units,2020,,2,Two
DATAFLOW,OECD.SDD.TPS:DSD_PDB@DF_PDB(2.0),Productivity database,I,USA,United States,A,Annual,GDPHRS,GDP per hour worked,_T,Total - all activities,USD_PPP_H,"US dollars per hour, PPP converted",LR,Chain linked volume (rebased),N,Non transformed data,_Z,Not applicable,PPP,PPP converted,2010,,71.1906111351642,,A,Normal value,0,Units,2020,,2,Two
DATAFLOW,OECD.SDD.TPS:DSD_PDB@DF_PDB(2.0),Productivity database,I,USA,United States,A,Annual,GDPHRS,GDP per hour worked,_T,Total - all activities,USD_PPP_H,"US dollars per hour, PPP converted",LR,Chain linked volume (rebased),N,Non transformed data,_Z,Not applicable,PPP,PPP converted,2011,,71.11001979434774,,A,Normal value,0,Units,2020,,2,Two
DATAFLOW,OECD.SDD.TPS:DSD_PDB@DF_PDB(2.0),Productivity database,I,DEU,Germany,A,Annual,GDPHRS,GDP per hour worked,_T,Total - all activities,USD_PPP_H,"US dollars per hour, PPP converted",LR,Chain linked volume (rebased),N,Non transformed data,_Z,Not applicable,PPP,PPP converted,2008,,75.07854620181247,,A,Normal value,0,Units,2020,,2,Two
DATAFLOW,OECD.SDD.TPS:DSD_PDB@DF_PDB(2.0),Productivity database,I,DEU,Germany,A,Annual,GDPHRS,GDP per hour worked,_T,Total - all activities,USD_PPP_H,"US dollars per hour, PPP converted",LR,Chain linked volume (rebased),N,Non transformed data,_Z,Not applicable,PPP,PPP converted,2009,,72.84565511113227,,A,Normal value,0,Units,2020,,2,Two
DATAFLOW,OECD.SDD.TPS:DSD_PDB@DF_PDB(2.0),Productivity database,I,DEU,Germany,A,Annual,GDPHRS,GDP per hour worked,_T,Total - all activities,USD_PPP_H,"US dollars per hour, PPP converted",LR,Chain linked volume (rebased),N,Non transformed data,_Z,Not applicable,PPP,PPP converted,2010,,74.51070894319314,,A,Normal value,0,Units,2020,,2,Two
DATAFLOW,OECD.SDD.TPS:DSD_PDB@DF_PDB(2.0),Productivity database,I,DEU,Germany,A,Annual,GDPHRS,GDP per hour worked,_T,Total - all activities,USD_PPP_H,"US dollars per hour, PPP converted",LR,Chain linked volume (rebased),N,Non transformed data,_Z,Not applicable,PPP,PPP converted,2011,,76.337667031795,,A,Normal value,0,Units,2020,,2,Two
DATAFLOW,OECD.SDD.TPS:DSD_PDB@DF_PDB(2.0),Productivity database,I,DEU,Germany,A,Annual,GDPHRS,GDP per hour worked,_T,Total - all activities,USD_PPP_H,"US dollars per hour, PPP converted",LR,Chain linked volume (rebased),N,Non transformed data,_Z,Not applicable,PPP,PPP converted,2012,,76.93112005704255,,A,Normal value,0,Units,2020,,2,Two
DATAFLOW,OECD.SDD.TPS:DSD_PDB@DF_PDB(2.0),Productivity database,I,DEU,Germany,A,Annual,GDPHRS,GDP per hour worked,_T,Total - all activities,USD_PPP_H,"US dollars per hour, PPP converted",LR,Chain linked volume (rebased),N,Non transformed data,_Z,Not applicable,PPP,PPP converted,2013,,77.22974821621148,,A,Normal value,0,Units,2020,,2,Two
DATAFLOW,OECD.SDD.TPS:DSD_PDB@DF_PDB(2.0),Productivity database,I,DEU,Germany,A,Annual,GDPHRS,GDP per hour worked,_T,Total - all activities,USD_PPP_H,"US dollars per hour, PPP converted",LR,Chain linked volume (rebased),N,Non transformed data,_Z,Not applicable,PPP,PPP converted,2014,,77.97713783187734,,A,Normal value,0,Units,2020,,2,Two
DATAFLOW,OECD.SDD.TPS:DSD_PDB@DF_PDB(2.0),Productivity database,I,DEU,Germany,A,Annual,GDPHRS,GDP per hour worked,_T,Total - all activities,USD_PPP_H,"US dollars per hour, PPP converted",LR,Chain linked volume (rebased),N,Non transformed data,_Z,Not applicable,PPP,PPP converted,2015,,78.48493163318584,,A,Normal value,0,Units,2020,,2,Two
DATAFLOW,OECD.SDD.TPS:DSD_PDB@DF_PDB(2.0),Productivity database,I,DEU,Germany,A,Annual,GDPHRS,GDP per hour worked,_T,Total - all activities,USD_PPP_H,"US dollars per hour, PPP converted",LR,Chain linked volume (rebased),N,Non transformed data,_Z,Not applicable,PPP,PPP converted,2016,,79.54771281876491,,A,Normal value,0,Units,2020,,2,Two
DATAFLOW,OECD.SDD.TPS:DSD_PDB@DF_PDB(2.0),Productivity database,I,DEU,Germany,A,Annual,GDPHRS,GDP per hour worked,_T,Total - all activities,USD_PPP_H,"US dollars per hour, PPP converted",LR,Chain linked volume (rebased),N,Non transformed data,_Z,Not applicable,PPP,PPP converted,2017,,81.10085492613773,,A,Normal value,0,Units,2020,,2,Two
DATAFLOW,OECD.SDD.TPS:DSD_PDB@DF_PDB(2.0),Productivity database,I,DEU,Germany,A,Annual,GDPHRS,GDP per hour worked,_T,Total - all activities,USD_PPP_H,"US dollars per hour, PPP converted",LR,Chain linked volume (rebased),N,Non transformed data,_Z,Not applicable,PPP,PPP converted,2018,,81.38619176211026,,A,Normal value,0,Units,2020,,2,Two
DATAFLOW,OECD.SDD.TPS:DSD_PDB@DF_PDB(2.0),Productivity database,I,DEU,Germany,A,Annual,GDPHRS,GDP per hour worked,_T,Total - all activities,USD_PPP_H,"US dollars per hour, PPP converted",LR,Chain linked volume (rebased),N,Non transformed data,_Z,Not applicable,PPP,PPP converted,2019,,81.94773753764709,,A,Normal value,0,Units,2020,,2,Two
DATAFLOW,OECD.SDD.TPS:DSD_PDB@DF_PDB(2.0),Productivity database,I,DEU,Germany,A,Annual,GDPHRS,GDP per hour worked,_T,Total - all activities,USD_PPP_H,"US dollars per hour, PPP converted",LR,Chain linked volume (rebased),N,Non transformed data,_Z,Not applicable,PPP,PPP converted,2020,,82.65223590207722,,A,Normal value,0,Units,2020,,2,Two
DATAFLOW,OECD.SDD.TPS:DSD_PDB@DF_PDB(2.0),Productivity database,I,DEU,Germany,A,Annual,GDPHRS,GDP per hour worked,_T,Total - all activities,USD_PPP_H,"US dollars per hour, PPP converted",LR,Chain linked volume (rebased),N,Non transformed data,_Z,Not applicable,PPP,PPP converted,2021,,83.9727840718923,,A,Normal value,0,Units,2020,,2,Two
DATAFLOW,OECD.SDD.TPS:DSD_PDB@DF_PDB(2.0),Productivity database,I,DEU,Germany,A,Annual,GDPHRS,GDP per hour worked,_T,Total - all activities,USD_PPP_H,"US dollars per hour, PPP converted",LR,Chain linked volume (rebased),N,Non transformed data,_Z,Not applicable,PPP,PPP converted,2022,,84.25514005129615,,A,Normal value,0,Units,2020,,2,Two
DATAFLOW,OECD.SDD.TPS:DSD_PDB@DF_PDB(2.0),Productivity database,I,DEU,Germany,A,Annual,GDPHRS,GDP per hour worked,_T,Total - all activities,USD_PPP_H,"US dollars per hour, PPP converted",LR,Chain linked volume (rebased),N,Non transformed data,_Z,Not applicable,PPP,PPP converted,2023,,83.25213881369791,,A,Normal value,0,Units,2020,,2,Two
DATAFLOW,OECD.SDD.TPS:DSD_PDB@DF_PDB(2.0),Productivity database,I,DEU,Germany,A,Annual,GDPHRS,GDP per hour worked,_T,Total - all activities,USD_PPP_H,"US dollars per hour, PPP converted",LR,Chain linked volume (rebased),N,Non transformed data,_Z,Not applicable,PPP,PPP converted,2024,,83.0176014578983,,A,Normal value,0,Units,2020,,2,Two
DATAFLOW,OECD.SDD.TPS:DSD_PDB@DF_PDB(2.0),Productivity database,I,USA,United States,A,Annual,GDPHRS,GDP per hour worked,_T,Total - all activities,USD_PPP_H,"US dollars per hour, PPP converted",LR,Chain linked volume (rebased),N,Non transformed data,_Z,Not applicable,PPP,PPP converted,1987,,45.86850117378371,,A,Normal value,0,Units,2020,,2,Two
DATAFLOW,OECD.SDD.TPS:DSD_PDB@DF_PDB(2.0),Productivity database,I,USA,United States,A,Annual,GDPHRS,GDP per hour worked,_T,Total - all activities,USD_PPP_H,"US dollars per hour, PPP converted",LR,Chain linked volume (rebased),N,Non transformed data,_Z,Not applicable,PPP,PPP converted,1988,,46.37789682536013,,A,Normal value,0,Units,2020,,2,Two
DATAFLOW,OECD.SDD.TPS:DSD_PDB@DF_PDB(2.0),Productivity database,I,USA,United States,A,Annual,GDPHRS,GDP per hour worked,_T,Total - all activities,USD_PPP_H,"US dollars per hour, PPP converted",LR,Chain linked volume (rebased),N,Non transformed data,_Z,Not applicable,PPP,PPP converted,1989,,47.03499090479843,,A,Normal value,0,Units,2020,,2,Two
DATAFLOW,OECD.SDD.TPS:DSD_PDB@DF_PDB(2.0),Productivity database,I,USA,United States,A,Annual,GDPHRS,GDP per hour worked,_T,Total - all activities,USD_PPP_H,"US dollars per hour, PPP converted",LR,Chain linked volume (rebased),N,Non transformed data,_Z,Not applicable,PPP,PPP converted,1990,,47.6326681993033,,A,Normal value,0,Units,2020,,2,Two
DATAFLOW,OECD.SDD.TPS:DSD_PDB@DF_PDB(2.0),Productivity database,I,USA,United States,A,Annual,GDPHRS,GDP per hour worked,_T,Total - all activities,USD_PPP_H,"US dollars per hour, PPP converted",LR,Chain linked volume (rebased),N,Non transformed data,_Z,Not applicable,PPP,PPP converted,1991,,48.18909113093932,,A,Normal value,0,Units,2020,,2,Two
DATAFLOW,OECD.SDD.TPS:DSD_PDB@DF_PDB(2.0),Productivity database,I,USA,United States,A,Annual,GDPHRS,GDP per hour worked,_T,Total - all activities,USD_PPP_H,"US dollars per hour, PPP converted",LR,Chain linked volume (rebased),N,Non transformed data,_Z,Not applicable,PPP,PPP converted,1992,,49.777993682571235,,A,Normal value,0,Units,2020,,2,Two
DATAFLOW,OECD.SDD.TPS:DSD_PDB@DF_PDB(2.0),Productivity database,I,USA,United States,A,Annual,GDPHRS,GDP per hour worked,_T,Total - all activities,USD_PPP_H,"US dollars per hour, PPP converted",LR,Chain linked volume (rebased),N,Non transformed data,_Z,Not applicable,PPP,PPP converted,1993,,49.91039150894257,,A,Normal value,0,Units,2020,,2,Two
DATAFLOW,OECD.SDD.TPS:DSD_PDB@DF_PDB(2.0),Productivity database,I,USA,United States,A,Annual,GDPHRS,GDP per hour worked,_T,Total - all activities,USD_PPP_H,"US dollars per hour, PPP converted",LR,Chain linked volume (rebased),N,Non transformed data,_Z,Not applicable,PPP,PPP converted,2018,,75.27728632091625,,A,Normal value,0,Units,2020,,2,Two
DATAFLOW,OECD.SDD.TPS:DSD_PDB@DF_PDB(2.0),Productivity database,I,USA,United States,A,Annual,GDPHRS,GDP per hour worked,_T,Total - all activities,USD_PPP_H,"US dollars per hour, PPP converted",LR,Chain linked volume (rebased),N,Non transformed data,_Z,Not applicable,PPP,PPP converted,2017,,74.46483796197043,,A,Normal value,0,Units,2020,,2,Two
DATAFLOW,OECD.SDD.TPS:DSD_PDB@DF_PDB(2.0),Productivity database,I,USA,United States,A,Annual,GDPHRS,GDP per hour worked,_T,Total - all activities,USD_PPP_H,"US dollars per hour, PPP converted",LR,Chain linked volume (rebased),N,Non transformed data,_Z,Not applicable,PPP,PPP converted,1994,,50.484365180726996,,A,Normal value,0,Units,2020,,2,Two
DATAFLOW,OECD.SDD.TPS:DSD_PDB@DF_PDB(2.0),Productivity database,I,USA,United States,A,Annual,GDPHRS,GDP per hour worked,_T,Total - all activities,USD_PPP_H,"US dollars per hour, PPP converted",LR,Chain linked volume (rebased),N,Non transformed data,_Z,Not applicable,PPP,PPP converted,1995,,50.79988916452268,,A,Normal value,0,Units,2020,,2,Two
DATAFLOW,OECD.SDD.TPS:DSD_PDB@DF_PDB(2.0),Productivity database,I,USA,United States,A,Annual,GDPHRS,GDP per hour worked,_T,Total - all activities,USD_PPP_H,"US dollars per hour, PPP converted",LR,Chain linked volume (rebased),N,Non transformed data,_Z,Not applicable,PPP,PPP converted,1996,,51.79577985976664,,A,Normal value,0,Units,2020,,2,Two
DATAFLOW,OECD.SDD.TPS:DSD_PDB@DF_PDB(2.0),Productivity database,I,USA,United States,A,Annual,GDPHRS,GDP per hour worked,_T,Total - all activities,USD_PPP_H,"US dollars per hour, PPP converted",LR,Chain linked volume (rebased),N,Non transformed data,_Z,Not applicable,PPP,PPP converted,1997,,52.630838665525395,,A,Normal value,0,Units,2020,,2,Two
DATAFLOW,OECD.SDD.TPS:DSD_PDB@DF_PDB(2.0),Productivity database,I,USA,United States,A,Annual,GDPHRS,GDP per hour worked,_T,Total - all activities,USD_PPP_H,"US dollars per hour, PPP converted",LR,Chain linked volume (rebased),N,Non transformed data,_Z,Not applicable,PPP,PPP converted,1998,,53.9002361259296,,A,Normal value,0,Units,2020,,2,Two
DATAFLOW,OECD.SDD.TPS:DSD_PDB@DF_PDB(2.0),Productivity database,I,USA,United States,A,Annual,GDPHRS,GDP per hour worked,_T,Total - all activities,USD_PPP_H,"US dollars per hour, PPP converted",LR,Chain linked volume (rebased),N,Non transformed data,_Z,Not applicable,PPP,PPP converted,2019,,76.57222195017918,,A,Normal value,0,Units,2020,,2,Two
DATAFLOW,OECD.SDD.TPS:DSD_PDB@DF_PDB(2.0),Productivity database,I,USA,United States,A,Annual,GDPHRS,GDP per hour worked,_T,Total - all activities,USD_PPP_H,"US dollars per hour, PPP converted",LR,Chain linked volume (rebased),N,Non transformed data,_Z,Not applicable,PPP,PPP converted,2020,,80.05585297032337,,A,Normal value,0,Units,2020,,2,Two
DATAFLOW,OECD.SDD.TPS:DSD_PDB@DF_PDB(2.0),Productivity database,I,USA,United States,A,Annual,GDPHRS,GDP per hour worked,_T,Total - all activities,USD_PPP_H,"US dollars per hour, PPP converted",LR,Chain linked volume (rebased),N,Non transformed data,_Z,Not applicable,PPP,PPP converted,2021,,81.52020497270419,,A,Normal value,0,Units,2020,,2,Two
DATAFLOW,OECD.SDD.TPS:DSD_PDB@DF_PDB(2.0),Productivity database,I,USA,United States,A,Annual,GDPHRS,GDP per hour worked,_T,Total - all activities,USD_PPP_H,"US dollars per hour, PPP converted",LR,Chain linked volume (rebased),N,Non transformed data,_Z,Not applicable,PPP,PPP converted,2022,,81.10142875669932,,A,Normal value,0,Units,2020,,2,Two
DATAFLOW,OECD.SDD.TPS:DSD_PDB@DF_PDB(2.0),Productivity database,I,USA,United States,A,Annual,GDPHRS,GDP per hour worked,_T,Total - all activities,USD_PPP_H,"US dollars per hour, PPP converted",LR,Chain linked volume (rebased),N,Non transformed data,_Z,Not applicable,PPP,PPP converted,2023,,82.26885599486027,,A,Normal value,0,Units,2020,,2,Two
DATAFLOW,OECD.SDD.TPS:DSD_PDB@DF_PDB(2.0),Productivity database,I,USA,United States,A,Annual,GDPHRS,GDP per hour worked,_T,Total - all activities,USD_PPP_H,"US dollars per hour, PPP converted",LR,Chain linked volume (rebased),N,Non transformed data,_Z,Not applicable,PPP,PPP converted,2024,,84.1147144673672,,A,Normal value,0,Units,2020,,2,Two
DATAFLOW,OECD.SDD.TPS:DSD_PDB@DF_PDB(2.0),Productivity database,I,DEU,Germany,A,Annual,GDPHRS,GDP per hour worked,_T,Total - all activities,USD_PPP_H,"US dollars per hour, PPP converted",LR,Chain linked volume (rebased),N,Non transformed data,_Z,Not applicable,PPP,PPP converted,2025,,83.35887789863703,,A,Normal value,0,Units,2020,,2,Two
DATAFLOW,OECD.SDD.TPS:DSD_PDB@DF_PDB(2.0),Productivity database,I,DEU,Germany,A,Annual,GDPHRS,GDP per hour worked,_T,Total - all activities,USD_PPP_H,"US dollars per hour, PPP converted",LR,Chain linked volume (rebased),N,Non transformed data,_Z,Not applicable,PPP,PPP converted,1991,,57.00911502870846,,A,Normal value,0,Units,2020,,2,Two
DATAFLOW,OECD.SDD.TPS:DSD_PDB@DF_PDB(2.0),Productivity database,I,DEU,Germany,A,Annual,GDPHRS,GDP per hour worked,_T,Total - all activities,USD_PPP_H,"US dollars per hour, PPP converted",LR,Chain linked volume (rebased),N,Non transformed data,_Z,Not applicable,PPP,PPP converted,1992,,58.50341013437378,,A,Normal value,0,Units,2020,,2,Two
DATAFLOW,OECD.SDD.TPS:DSD_PDB@DF_PDB(2.0),Productivity database,I,DEU,Germany,A,Annual,GDPHRS,GDP per hour worked,_T,Total - all activities,USD_PPP_H,"US dollars per hour, PPP converted",LR,Chain linked volume (rebased),N,Non transformed data,_Z,Not applicable,PPP,PPP converted,1993,,59.69347156275802,,A,Normal value,0,Units,2020,,2,Two
DATAFLOW,OECD.SDD.TPS:DSD_PDB@DF_PDB(2.0),Productivity database,I,DEU,Germany,A,Annual,GDPHRS,GDP per hour worked,_T,Total - all activities,USD_PPP_H,"US dollars per hour, PPP converted",LR,Chain linked volume (rebased),N,Non transformed data,_Z,Not applicable,PPP,PPP converted,1994,,61.39466796666544,,A,Normal value,0,Units,2020,,2,Two
DATAFLOW,OECD.SDD.TPS:DSD_PDB@DF_PDB(2.0),Productivity database,I,DEU,Germany,A,Annual,GDPHRS,GDP per hour worked,_T,Total - all activities,USD_PPP_H,"US dollars per hour, PPP converted",LR,Chain linked volume (rebased),N,Non transformed data,_Z,Not applicable,PPP,PPP converted,1995,,62.26578178728718,,A,Normal value,0,Units,2020,,2,Two
DATAFLOW,OECD.SDD.TPS:DSD_PDB@DF_PDB(2.0),Productivity database,I,DEU,Germany,A,Annual,GDPHRS,GDP per hour worked,_T,Total - all activities,USD_PPP_H,"US dollars per hour, PPP converted",LR,Chain linked volume (rebased),N,Non transformed data,_Z,Not applicable,PPP,PPP converted,1996,,63.441600177633475,,A,Normal value,0,Units,2020,,2,Two
DATAFLOW,OECD.SDD.TPS:DSD_PDB@DF_PDB(2.0),Productivity database,I,DEU,Germany,A,Annual,GDPHRS,GDP per hour worked,_T,Total - all activities,USD_PPP_H,"US dollars per hour, PPP converted",LR,Chain linked volume (rebased),N,Non transformed data,_Z,Not applicable,PPP,PPP converted,1997,,65.04777881513283,,A,Normal value,0,Units,2020,,2,Two
DATAFLOW,OECD.SDD.TPS:DSD_PDB@DF_PDB(2.0),Productivity database,I,DEU,Germany,A,Annual,GDPHRS,GDP per hour worked,_T,Total - all activities,USD_PPP_H,"US dollars per hour, PPP converted",LR,Chain linked volume (rebased),N,Non transformed data,_Z,Not applicable,PPP,PPP converted,1998,,65.76345174392924,,A,Normal value,0,Units,2020,,2,Two
DATAFLOW,OECD.SDD.TPS:DSD_PDB@DF_PDB(2.0),Productivity database,I,DEU,Germany,A,Annual,GDPHRS,GDP per hour worked,_T,Total - all activities,USD_PPP_H,"US dollars per hour, PPP converted",LR,Chain linked volume (rebased),N,Non transformed data,_Z,Not applicable,PPP,PPP converted,1999,,66.65610324487712,,A,Normal value,0,Units,2020,,2,Two
DATAFLOW,OECD.SDD.TPS:DSD_PDB@DF_PDB(2.0),Productivity database,I,DEU,Germany,A,Annual,GDPHRS,GDP per hour worked,_T,Total - all activities,USD_PPP_H,"US dollars per hour, PPP converted",LR,Chain linked volume (rebased),N,Non transformed data,_Z,Not applicable,PPP,PPP converted,2000,,68.29297618603118,,A,Normal value,0,Units,2020,,2,Two
DATAFLOW,OECD.SDD.TPS:DSD_PDB@DF_PDB(2.0),Productivity database,I,DEU,Germany,A,Annual,GDPHRS,GDP per hour worked,_T,Total - all activities,USD_PPP_H,"US dollars per hour, PPP converted",LR,Chain linked volume (rebased),N,Non transformed data,_Z,Not applicable,PPP,PPP converted,2001,,69.9465824014914,,A,Normal value,0,Units,2020,,2,Two
DATAFLOW,OECD.SDD.TPS:DSD_PDB@DF_PDB(2.0),Productivity database,I,DEU,Germany,A,Annual,GDPHRS,GDP per hour worked,_T,Total - all activities,USD_PPP_H,"US dollars per hour, PPP converted",LR,Chain linked volume (rebased),N,Non transformed data,_Z,Not applicable,PPP,PPP converted,2002,,70.55939841508766,,A,Normal value,0,Units,2020,,2,Two
DATAFLOW,OECD.SDD.TPS:DSD_PDB@DF_PDB(2.0),Productivity database,I,DEU,Germany,A,Annual,GDPHRS,GDP per hour worked,_T,Total - all activities,USD_PPP_H,"US dollars per hour, PPP converted",LR,Chain linked volume (rebased),N,Non transformed data,_Z,Not applicable,PPP,PPP converted,2003,,71.21017565772989,,A,Normal value,0,Units,2020,,2,Two
DATAFLOW,OECD.SDD.TPS:DSD_PDB@DF_PDB(2.0),Productivity database,I,USA,United States,A,Annual,GDPHRS,GDP per hour worked,_T,Total - all activities,USD_PPP_H,"US dollars per hour, PPP converted",LR,Chain linked volume (rebased),N,Non transformed data,_Z,Not applicable,PPP,PPP converted,2008,,67.05696681449068,,A,Normal value,0,Units,2020,,2,Two
DATAFLOW,OECD.SDD.TPS:DSD_PDB@DF_PDB(2.0),Productivity database,I,USA,United States,A,Annual,GDPHRS,GDP per hour worked,_T,Total - all activities,USD_PPP_H,"US dollars per hour, PPP converted",LR,Chain linked volume (rebased),N,Non transformed data,_Z,Not applicable,PPP,PPP converted,2009,,69.50046570394345,,A,Normal value,0,Units,2020,,2,Two
DATAFLOW,OECD.SDD.TPS:DSD_PDB@DF_PDB(2.0),Productivity database,I,USA,United States,A,Annual,GDPHRS,GDP per hour worked,_T,Total - all activities,USD_PPP_H,"US dollars per hour, PPP converted",LR,Chain linked volume (rebased),N,Non transformed data,_Z,Not applicable,PPP,PPP converted,2025,,85.60236428340167,,E,Estimated value,0,Units,2020,,2,Two
DATAFLOW,OECD.SDD.TPS:DSD_PDB@DF_PDB(2.0),Productivity database,I,DEU,Germany,A,Annual,GDPHRS,GDP per hour worked,_T,Total - all activities,USD_PPP_H,"US dollars per hour, PPP converted",LR,Chain linked volume (rebased),N,Non transformed data,_Z,Not applicable,PPP,PPP converted,2004,,71.83148150365264,,A,Normal value,0,Units,2020,,2,Two
DATAFLOW,OECD.SDD.TPS:DSD_PDB@DF_PDB(2.0),Productivity database,I,DEU,Germany,A,Annual,GDPHRS,GDP per hour worked,_T,Total - all activities,USD_PPP_H,"US dollars per hour, PPP converted",LR,Chain linked volume (rebased),N,Non transformed data,_Z,Not applicable,PPP,PPP converted,2005,,73.1010904359657,,A,Normal value,0,Units,2020,,2,Two
