DATAFLOW,LOCATION,SUBJECT,SEX,FREQUENCY,TIME_PERIOD,OBS_VALUE,OBS_STATUS,UNIT_MEASURE,UNIT_MULT,BASE_PER
OECD:DF_ALFS_POP_LABOUR(1.0),DEU,YT99TLP2_ST,MA,A,1962,94.95775,A,PC,0,
OECD:DF_ALFS_POP_LABOUR(1.0),DEU,YT99TLP2_ST,FE,A,1962,49.16621,A,PC,0,
OECD:DF_ALFS_POP_LABOUR(1.0),DEU,YT99TLP2_ST,TT,A,1962,70.72291,A,PC,0,
OECD:DF_ALFS_POP_LABOUR(1.0),DEU,YT99TLP2_ST,MA,A,1961,95.52348,A,PC,0,
OECD:DF_ALFS_POP_LABOUR(1.0),DEU,YT99TLP2_ST,FE,A,1961,49.30476,A,PC,0,
OECD:DF_ALFS_POP_LABOUR(1.0),DEU,YT99TLP2_ST,TT,A,1961,70.9474,A,PC,0,
OECD:DF_ALFS_POP_LABOUR(1.0),DEU,YT99TLP2_ST,MA,A,1963,94.70203,A,PC,0,
OECD:DF_ALFS_POP_LABOUR(1.0),DEU,YT99TLP2_ST,FE,A,1963,49.29016,A,PC,0,
OECD:DF_ALFS_POP_LABOUR(1.0),DEU,YT99TLP2_ST,TT,A,1963,70.75112,A,PC,0,
OECD:DF_ALFS_POP_LABOUR(1.0),DEU,YT99TLP2_ST,MA,A,1960,94.44255,A,PC,0,
OECD:DF_ALFS_POP_LABOUR(1.0),DEU,YT99TLP2_ST,FE,A,1960,49.24623,A,PC,0,
OECD:DF_ALFS_POP_LABOUR(1.0),DEU,YT99TLP2_ST,TT,A,1960,70.34325,A,PC,0,
OECD:DF_ALFS_POP_LABOUR(1.0),DEU,YT99TLP2_ST,MA,A,1964,94.39165,A,PC,0,
OECD:DF_ALFS_POP_LABOUR(1.0),DEU,YT99TLP2_ST,FE,A,1964,49.00632,A,PC,0,
OECD:DF_ALFS_POP_LABOUR(1.0),DEU,YT99TLP2_ST,TT,A,1964,70.52074,A,PC,0,
OECD:DF_ALFS_POP_LABOUR(1.0),DEU,YT99TLP2_ST,MA,A,2014,84.28887,A,PC,0,
OECD:DF_ALFS_POP_LABOUR(1.0),DEU,YT99TLP2_ST,FE,A,2014,74.00479,A,PC,0,
OECD:DF_ALFS_POP_LABOUR(1.0),DEU,YT99TLP2_ST,TT,A,2014,79.18256,A,PC,0,
OECD:DF_ALFS_POP_LABOUR(1.0),DEU,YT99TLP2_ST,MA,A,1965,94.13504,A,PC,0,
OECD:DF_ALFS_POP_LABOUR(1.0),DEU,YT99TLP2_ST,FE,A,1965,49.00194,A,PC,0,
OECD:DF_ALFS_POP_LABOUR(1.0),DEU,YT99TLP2_ST,TT,A,1965,70.49283,A,PC,0,
OECD:DF_ALFS_POP_LABOUR(1.0),DEU,YT99TLP2_ST,MA,A,1966,93.96387,A,PC,0,
OECD:DF_ALFS_POP_LABOUR(1.0),DEU,YT99TLP2_ST,FE,A,1966,48.51155,A,PC,0,
OECD:DF_ALFS_POP_LABOUR(1.0),DEU,YT99TLP2_ST,TT,A,1966,70.19526,A,PC,0,
OECD:DF_ALFS_POP_LABOUR(1.0),DEU,YT99TLP2_ST,MA,A,1967,93.16466,A,PC,0,
OECD:DF_ALFS_POP_LABOUR(1.0),DEU,YT99TLP2_ST,FE,A,1967,47.54,A,PC,0,
OECD:DF_ALFS_POP_LABOUR(1.0),DEU,YT99TLP2_ST,TT,A,1967,69.24045,A,PC,0,
OECD:DF_ALFS_POP_LABOUR(1.0),DEU,YT99TLP2_ST,MA,A,1968,92.95284,A,PC,0,
OECD:DF_ALFS_POP_LABOUR(1.0),DEU,YT99TLP2_ST,FE,A,1968,47.68358,A,PC,0,
OECD:DF_ALFS_POP_LABOUR(1.0),DEU,YT99TLP2_ST,TT,A,1968,69.21052,A,PC,0,
OECD:DF_ALFS_POP_LABOUR(1.0),DEU,YT99TLP2_ST,MA,A,1969,92.85441,A,PC,0,
OECD:DF_ALFS_POP_LABOUR(1.0),DEU,YT99TLP2_ST,FE,A,1969,47.99058,A,PC,0,
OECD:DF_ALFS_POP_LABOUR(1.0),DEU,YT99TLP2_ST,TT,A,1969,69.42882,A,PC,0,
OECD:DF_ALFS_POP_LABOUR(1.0),DEU,YT99TLP2_ST,MA,A,1970,92.58641,A,PC,0,
OECD:DF_ALFS_POP_LABOUR(1.0),DEU,YT99TLP2_ST,FE,A,1970,48.03275,A,PC,0,
OECD:DF_ALFS_POP_LABOUR(1.0),DEU,YT99TLP2_ST,TT,A,1970,69.4705,A,PC,0,
OECD:DF_ALFS_POP_LABOUR(1.0),DEU,YT99TLP2_ST,MA,A,1973,89.58572,A,PC,0,
OECD:DF_ALFS_POP_LABOUR(1.0),DEU,YT99TLP2_ST,FE,A,1973,50.26918,A,PC,0,
OECD:DF_ALFS_POP_LABOUR(1.0),DEU,YT99TLP2_ST,TT,A,1973,69.43481,A,PC,0,
OECD:DF_ALFS_POP_LABOUR(1.0),DEU,YT99TLP2_ST,MA,A,1972,90.13493,A,PC,0,
OECD:DF_ALFS_POP_LABOUR(1.0),DEU,YT99TLP2_ST,FE,A,1972,49.3334,A,PC,0,
OECD:DF_ALFS_POP_LABOUR(1.0),DEU,YT99TLP2_ST,TT,A,1972,69.14565,A,PC,0,
OECD:DF_ALFS_POP_LABOUR(1.0),DEU,YT99TLP2_ST,MA,A,1971,91.22295,A,PC,0,
OECD:DF_ALFS_POP_LABOUR(1.0),DEU,YT99TLP2_ST,FE,A,1971,48.51318,A,PC,0,
OECD:DF_ALFS_POP_LABOUR(1.0),DEU,YT99TLP2_ST,TT,A,1971,69.17905,A,PC,0,
OECD:DF_ALFS_POP_LABOUR(1.0),DEU,YT99TLP2_ST,MA,A,1974,88.49767,A,PC,0,
OECD:DF_ALFS_POP_LABOUR(1.0),DEU,YT99TLP2_ST,FE,A,1974,50.63104,A,PC,0,
OECD:DF_ALFS_POP_LABOUR(1.0),DEU,YT99TLP2_ST,TT,A,1974,69.12543,A,PC,0,
OECD:DF_ALFS_POP_LABOUR(1.0),DEU,YT99TLP2_ST,MA,A,1975,87.28288,A,PC,0,
OECD:DF_ALFS_POP_LABOUR(1.0),DEU,YT99TLP2_ST,FE,A,1975,50.83901,A,PC,0,
OECD:DF_ALFS_POP_LABOUR(1.0),DEU,YT99TLP2_ST,TT,A,1975,68.63606,A,PC,0,
OECD:DF_ALFS_POP_LABOUR(1.0),DEU,YT99TLP2_ST,MA,A,2013,84.18674,A,PC,0,
OECD:DF_ALFS_POP_LABOUR(1.0),DEU,YT99TLP2_ST,FE,A,2013,73.54306,A,PC,0,
OECD:DF_ALFS_POP_LABOUR(1.0),DEU,YT99TLP2_ST,TT,A,2013,78.8923,A,PC,0,
OECD:DF_ALFS_POP_LABOUR(1.0),DEU,YT99TLP2_ST,MA,A,1976,86.32465,A,PC,0,
OECD:DF_ALFS_POP_LABOUR(1.0),DEU,YT99TLP2_ST,FE,A,1976,51.02787,A,PC,0,
OECD:DF_ALFS_POP_LABOUR(1.0),DEU,YT99TLP2_ST,TT,A,1976,68.27975,A,PC,0,
OECD:DF_ALFS_POP_LABOUR(1.0),DEU,YT99TLP2_ST,MA,A,1977,85.58369,A,PC,0,
OECD:DF_ALFS_POP_LABOUR(1.0),DEU,YT99TLP2_ST,FE,A,1977,51.20182,A,PC,0,
OECD:DF_ALFS_POP_LABOUR(1.0),DEU,YT99TLP2_ST,TT,A,1977,68.05094,A,PC,0,
OECD:DF_ALFS_POP_LABOUR(1.0),DEU,YT99TLP2_ST,MA,A,1981,83.68684,A,PC,0,
OECD:DF_ALFS_POP_LABOUR(1.0),DEU,YT99TLP2_ST,FE,A,1981,53.1262,A,PC,0,
OECD:DF_ALFS_POP_LABOUR(1.0),DEU,YT99TLP2_ST,TT,A,1981,68.325,A,PC,0,
OECD:DF_ALFS_POP_LABOUR(1.0),DEU,YT99TLP2_ST,MA,A,1982,83.28068,A,PC,0,
OECD:DF_ALFS_POP_LABOUR(1.0),DEU,YT99TLP2_ST,FE,A,1982,52.93392,A,PC,0,
OECD:DF_ALFS_POP_LABOUR(1.0),DEU,YT99TLP2_ST,TT,A,1982,68.03898,A,PC,0,
OECD:DF_ALFS_POP_LABOUR(1.0),DEU,YT99TLP2_ST,MA,A,1978,85.17443,A,PC,0,
OECD:DF_ALFS_POP_LABOUR(1.0),DEU,YT99TLP2_ST,FE,A,1978,51.63959,A,PC,0,
OECD:DF_ALFS_POP_LABOUR(1.0),DEU,YT99TLP2_ST,TT,A,1978,68.12367,A,PC,0,
OECD:DF_ALFS_POP_LABOUR(1.0),DEU,YT99TLP2_ST,MA,A,1979,84.89664,A,PC,0,
OECD:DF_ALFS_POP_LABOUR(1.0),DEU,YT99TLP2_ST,FE,A,1979,52.18584,A,PC,0,
OECD:DF_ALFS_POP_LABOUR(1.0),DEU,YT99TLP2_ST,TT,A,1979,68.32973,A,PC,0,
OECD:DF_ALFS_POP_LABOUR(1.0),DEU,YT99TLP2_ST,MA,A,1980,84.33812,A,PC,0,
OECD:DF_ALFS_POP_LABOUR(1.0),DEU,YT99TLP2_ST,FE,A,1980,52.80653,A,PC,0,
OECD:DF_ALFS_POP_LABOUR(1.0),DEU,YT99TLP2_ST,TT,A,1980,68.45303,A,PC,0,
OECD:DF_ALFS_POP_LABOUR(1.0),DEU,YT99TLP2_ST,MA,A,2012,83.95048,A,PC,0,
OECD:DF_ALFS_POP_LABOUR(1.0),DEU,YT99TLP2_ST,FE,A,2012,72.73489,A,PC,0,
OECD:DF_ALFS_POP_LABOUR(1.0),DEU,YT99TLP2_ST,TT,A,2012,78.36705,A,PC,0,
OECD:DF_ALFS_POP_LABOUR(1.0),DEU,YT99TLP2_ST,MA,A,2010,83.04106,A,PC,0,
OECD:DF_ALFS_POP_LABOUR(1.0),DEU,YT99TLP2_ST,FE,A,2010,71.5206,A,PC,0,
OECD:DF_ALFS_POP_LABOUR(1.0),DEU,YT99TLP2_ST,TT,A,2010,77.33294,A,PC,0,
OECD:DF_ALFS_POP_LABOUR(1.0),DEU,YT99TLP2_ST,MA,A,2011,83.80466,A,PC,0,
OECD:DF_ALFS_POP_LABOUR(1.0),DEU,YT99TLP2_ST,FE,A,2011,72.69501,A,PC,0,
OECD:DF_ALFS_POP_LABOUR(1.0),DEU,YT99TLP2_ST,TT,A,2011,78.27211,A,PC,0,
OECD:DF_ALFS_POP_LABOUR(1.0),DEU,YT99TLP2_ST,MA,A,1985,81.24473,A,PC,0,
OECD:DF_ALFS_POP_LABOUR(1.0),DEU,YT99TLP2_ST,FE,A,1985,51.87907,A,PC,0,
OECD:DF_ALFS_POP_LABOUR(1.0),DEU,YT99TLP2_ST,TT,A,1985,66.55743,A,PC,0,
OECD:DF_ALFS_POP_LABOUR(1.0),DEU,YT99TLP2_ST,MA,A,1984,81.50517,A,PC,0,
OECD:DF_ALFS_POP_LABOUR(1.0),DEU,YT99TLP2_ST,FE,A,1984,51.33124,A,PC,0,
OECD:DF_ALFS_POP_LABOUR(1.0),DEU,YT99TLP2_ST,TT,A,1984,66.37893,A,PC,0,
OECD:DF_ALFS_POP_LABOUR(1.0),DEU,YT99TLP2_ST,MA,A,1988,80.96688,A,PC,0,
OECD:DF_ALFS_POP_LABOUR(1.0),DEU,YT99TLP2_ST,FE,A,1988,54.82825,A,PC,0,
OECD:DF_ALFS_POP_LABOUR(1.0),DEU,YT99TLP2_ST,TT,A,1988,68.01834,A,PC,0,
OECD:DF_ALFS_POP_LABOUR(1.0),DEU,YT99TLP2_ST,MA,A,1987,81.4875,A,PC,0,
OECD:DF_ALFS_POP_LABOUR(1.0),DEU,YT99TLP2_ST,FE,A,1987,53.93221,A,PC,0,
OECD:DF_ALFS_POP_LABOUR(1.0),DEU,YT99TLP2_ST,TT,A,1987,67.79993,A,PC,0,
OECD:DF_ALFS_POP_LABOUR(1.0),DEU,YT99TLP2_ST,MA,A,1989,81.15035,A,PC,0,
OECD:DF_ALFS_POP_LABOUR(1.0),DEU,YT99TLP2_ST,FE,A,1989,55.50564,A,PC,0,
OECD:DF_ALFS_POP_LABOUR(1.0),DEU,YT99TLP2_ST,TT,A,1989,68.48213,A,PC,0,
OECD:DF_ALFS_POP_LABOUR(1.0),DEU,YT99TLP2_ST,MA,A,1991,81.87744,A,PC,0,
OECD:DF_ALFS_POP_LABOUR(1.0),DEU,YT99TLP2_ST,FE,A,1991,61.0318,A,PC,0,
OECD:DF_ALFS_POP_LABOUR(1.0),DEU,YT99TLP2_ST,TT,A,1991,71.55487,A,PC,0,
OECD:DF_ALFS_POP_LABOUR(1.0),DEU,YT99TLP2_ST,MA,A,1992,81.37833,A,PC,0,
OECD:DF_ALFS_POP_LABOUR(1.0),DEU,YT99TLP2_ST,FE,A,1992,61.27541,A,PC,0,
OECD:DF_ALFS_POP_LABOUR(1.0),DEU,YT99TLP2_ST,TT,A,1992,71.46347,A,PC,0,
OECD:DF_ALFS_POP_LABOUR(1.0),DEU,YT99TLP2_ST,MA,A,1993,80.92129,A,PC,0,
OECD:DF_ALFS_POP_LABOUR(1.0),DEU,YT99TLP2_ST,FE,A,1993,61.43213,A,PC,0,
OECD:DF_ALFS_POP_LABOUR(1.0),DEU,YT99TLP2_ST,TT,A,1993,71.33557,A,PC,0,
OECD:DF_ALFS_POP_LABOUR(1.0),DEU,YT99TLP2_ST,MA,A,1994,80.50983,A,PC,0,
OECD:DF_ALFS_POP_LABOUR(1.0),DEU,YT99TLP2_ST,FE,A,1994,61.3514,A,PC,0,
OECD:DF_ALFS_POP_LABOUR(1.0),DEU,YT99TLP2_ST,TT,A,1994,71.09271,A,PC,0,
OECD:DF_ALFS_POP_LABOUR(1.0),DEU,YT99TLP2_ST,MA,A,1999,78.96156,A,PC,0,
OECD:DF_ALFS_POP_LABOUR(1.0),DEU,YT99TLP2_ST,FE,A,1999,63.28883,A,PC,0,
OECD:DF_ALFS_POP_LABOUR(1.0),DEU,YT99TLP2_ST,TT,A,1999,71.23539,A,PC,0,
OECD:DF_ALFS_POP_LABOUR(1.0),DEU,YT99TLP2_ST,MA,A,1997,80.29011,A,PC,0,
OECD:DF_ALFS_POP_LABOUR(1.0),DEU,YT99TLP2_ST,FE,A,1997,62.45893,A,PC,0,
OECD:DF_ALFS_POP_LABOUR(1.0),DEU,YT99TLP2_ST,TT,A,1997,71.51404,A,PC,0,
OECD:DF_ALFS_POP_LABOUR(1.0),DEU,YT99TLP2_ST,MA,A,2000,78.84348,A,PC,0,
OECD:DF_ALFS_POP_LABOUR(1.0),DEU,YT99TLP2_ST,FE,A,2000,63.59119,A,PC,0,
OECD:DF_ALFS_POP_LABOUR(1.0),DEU,YT99TLP2_ST,TT,A,2000,71.31673,A,PC,0,
OECD:DF_ALFS_POP_LABOUR(1.0),DEU,YT99TLP2_ST,MA,A,1995,80.17535,A,PC,0,
OECD:DF_ALFS_POP_LABOUR(1.0),DEU,YT99TLP2_ST,FE,A,1995,61.54325,A,PC,0,
OECD:DF_ALFS_POP_LABOUR(1.0),DEU,YT99TLP2_ST,TT,A,1995,71.00916,A,PC,0,
OECD:DF_ALFS_POP_LABOUR(1.0),DEU,YT99TLP2_ST,MA,A,2003,78.38634,A,PC,0,
OECD:DF_ALFS_POP_LABOUR(1.0),DEU,YT99TLP2_ST,FE,A,2003,64.9776,A,PC,0,
OECD:DF_ALFS_POP_LABOUR(1.0),DEU,YT99TLP2_ST,TT,A,2003,71.75394,A,PC,0,
OECD:DF_ALFS_POP_LABOUR(1.0),DEU,YT99TLP2_ST,MA,A,1996,80.21635,A,PC,0,
OECD:DF_ALFS_POP_LABOUR(1.0),DEU,YT99TLP2_ST,FE,A,1996,61.89867,A,PC,0,
OECD:DF_ALFS_POP_LABOUR(1.0),DEU,YT99TLP2_ST,TT,A,1996,71.19584,A,PC,0,
OECD:DF_ALFS_POP_LABOUR(1.0),DEU,YT99TLP2_ST,MA,A,2009,82.95005,A,PC,0,
OECD:DF_ALFS_POP_LABOUR(1.0),DEU,YT99TLP2_ST,FE,A,2009,71.08789,A,PC,0,
OECD:DF_ALFS_POP_LABOUR(1.0),DEU,YT99TLP2_ST,TT,A,2009,77.07336,A,PC,0,
OECD:DF_ALFS_POP_LABOUR(1.0),DEU,YT99TLP2_ST,MA,A,2005,80.96522,A,PC,0,
OECD:DF_ALFS_POP_LABOUR(1.0),DEU,YT99TLP2_ST,FE,A,2005,67.38581,A,PC,0,
OECD:DF_ALFS_POP_LABOUR(1.0),DEU,YT99TLP2_ST,TT,A,2005,74.24042,A,PC,0,
OECD:DF_ALFS_POP_LABOUR(1.0),DEU,YT99TLP2_ST,MA,A,2008,82.74393,A,PC,0,
OECD:DF_ALFS_POP_LABOUR(1.0),DEU,YT99TLP2_ST,FE,A,2008,70.38536,A,PC,0,
OECD:DF_ALFS_POP_LABOUR(1.0),DEU,YT99TLP2_ST,TT,A,2008,76.62199,A,PC,0,
OECD:DF_ALFS_POP_LABOUR(1.0),DEU,YT99TLP2_ST,MA,A,2001,79.03905,A,PC,0,
OECD:DF_ALFS_POP_LABOUR(1.0),DEU,YT99TLP2_ST,FE,A,2001,64.2708,A,PC,0,
OECD:DF_ALFS_POP_LABOUR(1.0),DEU,YT99TLP2_ST,TT,A,2001,71.74935,A,PC,0,
OECD:DF_ALFS_POP_LABOUR(1.0),DEU,YT99TLP2_ST,MA,A,2002,78.79189,A,PC,0,
OECD:DF_ALFS_POP_LABOUR(1.0),DEU,YT99TLP2_ST,FE,A,2002,64.59364,A,PC,0,
OECD:DF_ALFS_POP_LABOUR(1.0),DEU,YT99TLP2_ST,TT,A,2002,71.7731,A,PC,0,
OECD:DF_ALFS_POP_LABOUR(1.0),DEU,YT99TLP2_ST,MA,A,2006,81.83229,A,PC,0,
OECD:DF_ALFS_POP_LABOUR(1.0),DEU,YT99TLP2_ST,FE,A,2006,69.07604,A,PC,0,
OECD:DF_ALFS_POP_LABOUR(1.0),DEU,YT99TLP2_ST,TT,A,2006,75.52043,A,PC,0,
OECD:DF_ALFS_POP_LABOUR(1.0),DEU,YT99TLP2_ST,MA,A,2007,82.3884,A,PC,0,
OECD:DF_ALFS_POP_LABOUR(1.0),DEU,YT99TLP2_ST,FE,A,2007,69.98445,A,PC,0,
OECD:DF_ALFS_POP_LABOUR(1.0),DEU,YT99TLP2_ST,TT,A,2007,76.24338,A,PC,0,
OECD:DF_ALFS_POP_LABOUR(1.0),DEU,YT99TLP2_ST,MA,A,1983,82.61941,B,PC,0,
OECD:DF_ALFS_POP_LABOUR(1.0),DEU,YT99TLP2_ST,MA,A,1986,81.56055,B,PC,0,
OECD:DF_ALFS_POP_LABOUR(1.0),DEU,YT99TLP2_ST,MA,A,1990,82.15517,B,PC,0,
OECD:DF_ALFS_POP_LABOUR(1.0),DEU,YT99TLP2_ST,MA,A,1998,80.85709,B,PC,0,
OECD:DF_ALFS_POP_LABOUR(1.0),DEU,YT99TLP2_ST,MA,A,2004,79.61859,B,PC,0,
OECD:DF_ALFS_POP_LABOUR(1.0),DEU,YT99TLP2_ST,FE,A,1983,52.47111,B,PC,0,
OECD:DF_ALFS_POP_LABOUR(1.0),DEU,YT99TLP2_ST,FE,A,1986,52.8562,B,PC,0,
OECD:DF_ALFS_POP_LABOUR(1.0),DEU,YT99TLP2_ST,FE,A,1990,56.67868,B,PC,0,
OECD:DF_ALFS_POP_LABOUR(1.0),DEU,YT99TLP2_ST,FE,A,1998,63.10088,B,PC,0,
OECD:DF_ALFS_POP_LABOUR(1.0),DEU,YT99TLP2_ST,FE,A,2004,66.10301,B,PC,0,
OECD:DF_ALFS_POP_LABOUR(1.0),DEU,YT99TLP2_ST,TT,A,1983,67.48213,B,PC,0,
OECD:DF_ALFS_POP_LABOUR(1.0),DEU,YT99TLP2_ST,TT,A,1986,67.25266,B,PC,0,
OECD:DF_ALFS_POP_LABOUR(1.0),DEU,YT99TLP2_ST,TT,A,1990,69.53899,B,PC,0,
OECD:DF_ALFS_POP_LABOUR(1.0),DEU,YT99TLP2_ST,TT,A,1998,72.10932,B,PC,0,
OECD:DF_ALFS_POP_LABOUR(1.0),DEU,YT99TLP2_ST,TT,A,2004,72.93507,B,PC,0,
